name,version,file,integrity,url
"@alloc/quick-lru","5.2.0","tarballs/alloc__quick-lru-5.2.0.tgz","sha512-UrcABB+4bUrFABwbluTIBErXwvbsU/V7TZWfmbgJfbkwiBuziS9gxdODUyuiecfdGQ85jglMW6juS3+z5TsKLw==","https://registry.npmjs.org/@alloc/quick-lru/-/quick-lru-5.2.0.tgz"
"@babel/code-frame","7.29.7","tarballs/babel__code-frame-7.29.7.tgz","sha512-Aup7aUOfpbAUg2ROOJN6Iw5f9DMBlzu0mIkm/malLQFN/YQgO48wCj0Kxa3sEHJvPVFg7siR+qRInwXd2qhQKw==","https://registry.npmjs.org/@babel/code-frame/-/code-frame-7.29.7.tgz"
"@babel/compat-data","7.29.7","tarballs/babel__compat-data-7.29.7.tgz","sha512-locTkQyKvwIEgBzVrn8693ebc97F2U8ZHjbXwDXJ5Fn2TCpNwTlKcaKLkdHop5c/icOFE7qt7Q9JC5hnKNa6Gg==","https://registry.npmjs.org/@babel/compat-data/-/compat-data-7.29.7.tgz"
"@babel/core","7.29.7","tarballs/babel__core-7.29.7.tgz","sha512-RgHBCvtjbOK2gXSNBNIkNoEc9qoVEtau3hj8gEqKQuL3HZAibKarWFEI3Lfm6EYKkLalOh8eSrj9b+ch9H/VBA==","https://registry.npmjs.org/@babel/core/-/core-7.29.7.tgz"
"@babel/generator","7.29.7","tarballs/babel__generator-7.29.7.tgz","sha512-DkXD5OJQaAQIdZ1bt3UZdEnHAn9Imd3IVBdX03UFe+ony9Ojw5pzr9YVKGDY1jt+Gcn/FnGkNf8r+Vj5NOJWtQ==","https://registry.npmjs.org/@babel/generator/-/generator-7.29.7.tgz"
"@babel/helper-compilation-targets","7.29.7","tarballs/babel__helper-compilation-targets-7.29.7.tgz","sha512-wem6WaBj4NaVYVdNhLPPVacES6ZJ+KBBfSkTMD3YZxbP3rm3Di85tJU5ljaUNhaOynt+Aj0xruhYuzQBt8n71g==","https://registry.npmjs.org/@babel/helper-compilation-targets/-/helper-compilation-targets-7.29.7.tgz"
"@babel/helper-globals","7.29.7","tarballs/babel__helper-globals-7.29.7.tgz","sha512-3nQVUAtvkKH9zahfWgw96Jc/uFOmjACE1kQz82E2lqWmHBgjzbNlsC22nuQTfahmWeQtTq5nQ/4Nnd2A1wj4zA==","https://registry.npmjs.org/@babel/helper-globals/-/helper-globals-7.29.7.tgz"
"@babel/helper-module-imports","7.29.7","tarballs/babel__helper-module-imports-7.29.7.tgz","sha512-ejHwrQQYcm9xnTivShn2IDOlIzInN34AXskvq9QicvCtEzq1Vzclu/tKF8Jq1Cg8JG2GL6/EmjgsCT7lXepE3g==","https://registry.npmjs.org/@babel/helper-module-imports/-/helper-module-imports-7.29.7.tgz"
"@babel/helper-module-transforms","7.29.7","tarballs/babel__helper-module-transforms-7.29.7.tgz","sha512-UPUVSyXbOh627KiCIGQSgwWzGeBKLkaJ9PJEdrngIwMSzxLR4jS4+f1f1jb7VzBbg8nFLaYotvVPFCTqdrmTAg==","https://registry.npmjs.org/@babel/helper-module-transforms/-/helper-module-transforms-7.29.7.tgz"
"@babel/helper-string-parser","7.29.7","tarballs/babel__helper-string-parser-7.29.7.tgz","sha512-Pb5ijPrZ89GDH8223L4UP8i6QApWxs04RbPQJTeWDV0/keR2E36MeKnyr6LYmUUvqRRI+Iv87SuF1W6ErINzYw==","https://registry.npmjs.org/@babel/helper-string-parser/-/helper-string-parser-7.29.7.tgz"
"@babel/helper-validator-identifier","7.29.7","tarballs/babel__helper-validator-identifier-7.29.7.tgz","sha512-qehxGkRj55h/ff8EMaJ+cYhyaKlHIxqYDn682wQD7RNp9UujOQsHog2uS0r2vzr4pW+sXf90NeeayjcNaX3fFg==","https://registry.npmjs.org/@babel/helper-validator-identifier/-/helper-validator-identifier-7.29.7.tgz"
"@babel/helper-validator-option","7.29.7","tarballs/babel__helper-validator-option-7.29.7.tgz","sha512-N9ZErrD+yW5geCDtBqnOoxmR8+tNKiGuxKlDpuJxfsqpa2dFcexaziGAE/qoHLiDDreVNMupxGmSoNlyvsA3gw==","https://registry.npmjs.org/@babel/helper-validator-option/-/helper-validator-option-7.29.7.tgz"
"@babel/helpers","7.29.7","tarballs/babel__helpers-7.29.7.tgz","sha512-1k2lAGRMfHTcwuNYcCNUmaUffmQv8KWMfh2iJUUeRlwlwH4FdNG7mfPI10NPfLHJFThE4Tyr4mv7kTNZOiPuBg==","https://registry.npmjs.org/@babel/helpers/-/helpers-7.29.7.tgz"
"@babel/parser","7.29.7","tarballs/babel__parser-7.29.7.tgz","sha512-hnORnjP/1P/zFEndoeX+n+t1RwWRJiJpM/jO7FW32Kn9r5+sJB2JWOdYo4L6k78j15eCwY3Gm/7364B1EMwtNg==","https://registry.npmjs.org/@babel/parser/-/parser-7.29.7.tgz"
"@babel/template","7.29.7","tarballs/babel__template-7.29.7.tgz","sha512-puq+Gf35oI24FeN11LkoUQFqv9uwNeWpxXZi/Ji3rRIoKAzKnxRaZ+Gkj0vKS9ZCiTESfng1N9LyOyXvo+m+Gg==","https://registry.npmjs.org/@babel/template/-/template-7.29.7.tgz"
"@babel/traverse","7.29.7","tarballs/babel__traverse-7.29.7.tgz","sha512-EhlfNQtZ+NK22w5BM61ciuiq1m58ed33Wr1Xan//ZRTy6hgjnwyCffRYwzsGXdASJSUJ1guZILsErh1eQcl+zw==","https://registry.npmjs.org/@babel/traverse/-/traverse-7.29.7.tgz"
"@babel/types","7.29.7","tarballs/babel__types-7.29.7.tgz","sha512-4zBIxpPzowiZpusoFkyGVwakdRJUyuH5PxQ/PrqghfdFWWasvnCdPfQXHrenDai+gyLARulZjZowCOj6fjT4pA==","https://registry.npmjs.org/@babel/types/-/types-7.29.7.tgz"
"@cloudflare/kv-asset-handler","0.5.0","tarballs/cloudflare__kv-asset-handler-0.5.0.tgz","sha512-jxQYkj8dSIzc0cD6cMMNdOc1UVjqSqu8BZdor5s8cGjW2I8BjODt/kWPVdY+u9zj3ms75Q5qaZgnxUad83+eAg==","https://registry.npmjs.org/@cloudflare/kv-asset-handler/-/kv-asset-handler-0.5.0.tgz"
"@cloudflare/unenv-preset","2.16.1","tarballs/cloudflare__unenv-preset-2.16.1.tgz","sha512-ECxObrMfyTl5bhQf/lZCXwo5G6xX9IAUo+nDMKK4SZ8m4Jvvxp52vilxyySSWh2YTZz8+HQ07qGH/2rEom1vDw==","https://registry.npmjs.org/@cloudflare/unenv-preset/-/unenv-preset-2.16.1.tgz"
"@cloudflare/vite-plugin","1.37.1","tarballs/cloudflare__vite-plugin-1.37.1.tgz","sha512-FldhsmkXyLsX3yI+p0aJDo/kGyY69pDdynz2JjcuH3eCiQ+G9XaY3CrN+UYEfCbWv8CiR2wL95lNg0fT/HfwWA==","https://registry.npmjs.org/@cloudflare/vite-plugin/-/vite-plugin-1.37.1.tgz"
"@cloudflare/workerd-darwin-64","1.20260515.1","tarballs/cloudflare__workerd-darwin-64-1.20260515.1.tgz","sha512-Wtw44el2pNbzixvTkWdfeBDTrQwQbJRz7/JUvPKV27I0pQWXbhNJPpM8cstq/pbrU5AGcA/HjFH6yPMRTIRKig==","https://registry.npmjs.org/@cloudflare/workerd-darwin-64/-/workerd-darwin-64-1.20260515.1.tgz"
"@cloudflare/workerd-darwin-arm64","1.20260515.1","tarballs/cloudflare__workerd-darwin-arm64-1.20260515.1.tgz","sha512-X8EqkZej6FfmhF9AVAQ3FhyQRr9acS4RcDunMU2YiuxKHF1IU8zzH3vY30/POaG+rUu9vGDp/VgUl49VPenHJQ==","https://registry.npmjs.org/@cloudflare/workerd-darwin-arm64/-/workerd-darwin-arm64-1.20260515.1.tgz"
"@cloudflare/workerd-linux-64","1.20260515.1","tarballs/cloudflare__workerd-linux-64-1.20260515.1.tgz","sha512-CDC89QxQ7Y7t7RG1Jd9vj/qolE1sQRkI2OSEuV5BMJi0vW/gV4OVG6xjpdK3b1OYnSWDzF7NpvlR5Yg86q7k4g==","https://registry.npmjs.org/@cloudflare/workerd-linux-64/-/workerd-linux-64-1.20260515.1.tgz"
"@cloudflare/workerd-linux-arm64","1.20260515.1","tarballs/cloudflare__workerd-linux-arm64-1.20260515.1.tgz","sha512-WxbW/PToYES4fvHXzsr/5qOiETQs/Z9iZ0mjSZAiEwq5cMLZemzGN0COx+uFb9OvQwzh6Pg159qPFnw3+i9FuA==","https://registry.npmjs.org/@cloudflare/workerd-linux-arm64/-/workerd-linux-arm64-1.20260515.1.tgz"
"@cloudflare/workerd-windows-64","1.20260515.1","tarballs/cloudflare__workerd-windows-64-1.20260515.1.tgz","sha512-WmV/iv+MHjYsvkcMVzpM2B5/mf06UUkdpVhZrtMfV9graWjBGPYFvE/eab8748RPVGKh1Xe1vXofLzDSwc08lA==","https://registry.npmjs.org/@cloudflare/workerd-windows-64/-/workerd-windows-64-1.20260515.1.tgz"
"@cspotcode/source-map-support","0.8.1","tarballs/cspotcode__source-map-support-0.8.1.tgz","sha512-IchNf6dN4tHoMFIn/7OE8LWZ19Y6q/67Bmf6vnGREv8RSbBVb9LPJxEcnwrcwX6ixSvaiGoomAUvu4YSxXrVgw==","https://registry.npmjs.org/@cspotcode/source-map-support/-/source-map-support-0.8.1.tgz"
"@dnd-kit/accessibility","3.1.1","tarballs/dnd-kit__accessibility-3.1.1.tgz","sha512-2P+YgaXF+gRsIihwwY1gCsQSYnu9Zyj2py8kY5fFvUM1qm2WA2u639R6YNVfU4GWr+ZM5mqEsfHZZLoRONbemw==","https://registry.npmjs.org/@dnd-kit/accessibility/-/accessibility-3.1.1.tgz"
"@dnd-kit/core","6.3.1","tarballs/dnd-kit__core-6.3.1.tgz","sha512-xkGBRQQab4RLwgXxoqETICr6S5JlogafbhNsidmrkVv2YRs5MLwpjoF2qpiGjQt8S9AoxtIV603s0GIUpY5eYQ==","https://registry.npmjs.org/@dnd-kit/core/-/core-6.3.1.tgz"
"@dnd-kit/sortable","10.0.0","tarballs/dnd-kit__sortable-10.0.0.tgz","sha512-+xqhmIIzvAYMGfBYYnbKuNicfSsk4RksY2XdmJhT+HAC01nix6fHCztU68jooFiMUB01Ky3F0FyOvhG/BZrWkg==","https://registry.npmjs.org/@dnd-kit/sortable/-/sortable-10.0.0.tgz"
"@dnd-kit/utilities","3.2.2","tarballs/dnd-kit__utilities-3.2.2.tgz","sha512-+MKAJEOfaBe5SmV6t34p80MMKhjvUz0vRrvVJbPT0WElzaOJ/1xs+D+KDv+tD/NE5ujfrChEcshd4fLn0wpiqg==","https://registry.npmjs.org/@dnd-kit/utilities/-/utilities-3.2.2.tgz"
"@drizzle-team/brocli","0.10.2","tarballs/drizzle-team__brocli-0.10.2.tgz","sha512-z33Il7l5dKjUgGULTqBsQBQwckHh5AbIuxhdsIxDDiZAzBOrZO6q9ogcWC65kU382AfynTfgNumVcNIjuIua6w==","https://registry.npmjs.org/@drizzle-team/brocli/-/brocli-0.10.2.tgz"
"@emnapi/core","1.10.0","tarballs/emnapi__core-1.10.0.tgz","sha512-yq6OkJ4p82CAfPl0u9mQebQHKPJkY7WrIuk205cTYnYe+k2Z8YBh11FrbRG/H6ihirqcacOgl2BIO8oyMQLeXw==","https://registry.npmjs.org/@emnapi/core/-/core-1.10.0.tgz"
"@emnapi/runtime","1.10.0","tarballs/emnapi__runtime-1.10.0.tgz","sha512-ewvYlk86xUoGI0zQRNq/mC+16R1QeDlKQy21Ki3oSYXNgLb45GV1P6A0M+/s6nyCuNDqe5VpaY84BzXGwVbwFA==","https://registry.npmjs.org/@emnapi/runtime/-/runtime-1.10.0.tgz"
"@emnapi/wasi-threads","1.2.1","tarballs/emnapi__wasi-threads-1.2.1.tgz","sha512-uTII7OYF+/Mes/MrcIOYp5yOtSMLBWSIoLPpcgwipoiKbli6k322tcoFsxoIIxPDqW01SQGAgko4EzZi2BNv2w==","https://registry.npmjs.org/@emnapi/wasi-threads/-/wasi-threads-1.2.1.tgz"
"@esbuild-kit/core-utils","3.3.2","tarballs/esbuild-kit__core-utils-3.3.2.tgz","sha512-sPRAnw9CdSsRmEtnsl2WXWdyquogVpB3yZ3dgwJfe8zrOzTsV7cJvmwrKVa+0ma5BoiGJ+BoqkMvawbayKUsqQ==","https://registry.npmjs.org/@esbuild-kit/core-utils/-/core-utils-3.3.2.tgz"
"@esbuild-kit/esm-loader","2.6.5","tarballs/esbuild-kit__esm-loader-2.6.5.tgz","sha512-FxEMIkJKnodyA1OaCUoEvbYRkoZlLZ4d/eXFu9Fh8CbBBgP5EmZxrfTRyN0qpXZ4vOvqnE5YdRdcrmUUXuU+dA==","https://registry.npmjs.org/@esbuild-kit/esm-loader/-/esm-loader-2.6.5.tgz"
"@esbuild/aix-ppc64","0.25.12","tarballs/esbuild__aix-ppc64-0.25.12.tgz","sha512-Hhmwd6CInZ3dwpuGTF8fJG6yoWmsToE+vYgD4nytZVxcu1ulHpUQRAB1UJ8+N1Am3Mz4+xOByoQoSZf4D+CpkA==","https://registry.npmjs.org/@esbuild/aix-ppc64/-/aix-ppc64-0.25.12.tgz"
"@esbuild/aix-ppc64","0.27.3","tarballs/esbuild__aix-ppc64-0.27.3.tgz","sha512-9fJMTNFTWZMh5qwrBItuziu834eOCUcEqymSH7pY+zoMVEZg3gcPuBNxH1EvfVYe9h0x/Ptw8KBzv7qxb7l8dg==","https://registry.npmjs.org/@esbuild/aix-ppc64/-/aix-ppc64-0.27.3.tgz"
"@esbuild/aix-ppc64","0.28.0","tarballs/esbuild__aix-ppc64-0.28.0.tgz","sha512-lhRUCeuOyJQURhTxl4WkpFTjIsbDayJHih5kZC1giwE+MhIzAb7mEsQMqMf18rHLsrb5qI1tafG20mLxEWcWlA==","https://registry.npmjs.org/@esbuild/aix-ppc64/-/aix-ppc64-0.28.0.tgz"
"@esbuild/android-arm","0.18.20","tarballs/esbuild__android-arm-0.18.20.tgz","sha512-fyi7TDI/ijKKNZTUJAQqiG5T7YjJXgnzkURqmGj13C6dCqckZBLdl4h7bkhHt/t0WP+zO9/zwroDvANaOqO5Sw==","https://registry.npmjs.org/@esbuild/android-arm/-/android-arm-0.18.20.tgz"
"@esbuild/android-arm","0.25.12","tarballs/esbuild__android-arm-0.25.12.tgz","sha512-VJ+sKvNA/GE7Ccacc9Cha7bpS8nyzVv0jdVgwNDaR4gDMC/2TTRc33Ip8qrNYUcpkOHUT5OZ0bUcNNVZQ9RLlg==","https://registry.npmjs.org/@esbuild/android-arm/-/android-arm-0.25.12.tgz"
"@esbuild/android-arm","0.27.3","tarballs/esbuild__android-arm-0.27.3.tgz","sha512-i5D1hPY7GIQmXlXhs2w8AWHhenb00+GxjxRncS2ZM7YNVGNfaMxgzSGuO8o8SJzRc/oZwU2bcScvVERk03QhzA==","https://registry.npmjs.org/@esbuild/android-arm/-/android-arm-0.27.3.tgz"
"@esbuild/android-arm","0.28.0","tarballs/esbuild__android-arm-0.28.0.tgz","sha512-wqh0ByljabXLKHeWXYLqoJ5jKC4XBaw6Hk08OfMrCRd2nP2ZQ5eleDZC41XHyCNgktBGYMbqnrJKq/K/lzPMSQ==","https://registry.npmjs.org/@esbuild/android-arm/-/android-arm-0.28.0.tgz"
"@esbuild/android-arm64","0.18.20","tarballs/esbuild__android-arm64-0.18.20.tgz","sha512-Nz4rJcchGDtENV0eMKUNa6L12zz2zBDXuhj/Vjh18zGqB44Bi7MBMSXjgunJgjRhCmKOjnPuZp4Mb6OKqtMHLQ==","https://registry.npmjs.org/@esbuild/android-arm64/-/android-arm64-0.18.20.tgz"
"@esbuild/android-arm64","0.25.12","tarballs/esbuild__android-arm64-0.25.12.tgz","sha512-6AAmLG7zwD1Z159jCKPvAxZd4y/VTO0VkprYy+3N2FtJ8+BQWFXU+OxARIwA46c5tdD9SsKGZ/1ocqBS/gAKHg==","https://registry.npmjs.org/@esbuild/android-arm64/-/android-arm64-0.25.12.tgz"
"@esbuild/android-arm64","0.27.3","tarballs/esbuild__android-arm64-0.27.3.tgz","sha512-YdghPYUmj/FX2SYKJ0OZxf+iaKgMsKHVPF1MAq/P8WirnSpCStzKJFjOjzsW0QQ7oIAiccHdcqjbHmJxRb/dmg==","https://registry.npmjs.org/@esbuild/android-arm64/-/android-arm64-0.27.3.tgz"
"@esbuild/android-arm64","0.28.0","tarballs/esbuild__android-arm64-0.28.0.tgz","sha512-+WzIXQOSaGs33tLEgYPYe/yQHf0WTU0X42Jca3y8NWMbUVhp7rUnw+vAsRC/QiDrdD31IszMrZy+qwPOPjd+rw==","https://registry.npmjs.org/@esbuild/android-arm64/-/android-arm64-0.28.0.tgz"
"@esbuild/android-x64","0.18.20","tarballs/esbuild__android-x64-0.18.20.tgz","sha512-8GDdlePJA8D6zlZYJV/jnrRAi6rOiNaCC/JclcXpB+KIuvfBN4owLtgzY2bsxnx666XjJx2kDPUmnTtR8qKQUg==","https://registry.npmjs.org/@esbuild/android-x64/-/android-x64-0.18.20.tgz"
"@esbuild/android-x64","0.25.12","tarballs/esbuild__android-x64-0.25.12.tgz","sha512-5jbb+2hhDHx5phYR2By8GTWEzn6I9UqR11Kwf22iKbNpYrsmRB18aX/9ivc5cabcUiAT/wM+YIZ6SG9QO6a8kg==","https://registry.npmjs.org/@esbuild/android-x64/-/android-x64-0.25.12.tgz"
"@esbuild/android-x64","0.27.3","tarballs/esbuild__android-x64-0.27.3.tgz","sha512-IN/0BNTkHtk8lkOM8JWAYFg4ORxBkZQf9zXiEOfERX/CzxW3Vg1ewAhU7QSWQpVIzTW+b8Xy+lGzdYXV6UZObQ==","https://registry.npmjs.org/@esbuild/android-x64/-/android-x64-0.27.3.tgz"
"@esbuild/android-x64","0.28.0","tarballs/esbuild__android-x64-0.28.0.tgz","sha512-+VJggoaKhk2VNNqVL7f6S189UzShHC/mR9EE8rDdSkdpN0KflSwWY/gWjDrNxxisg8Fp1ZCD9jLMo4m0OUfeUA==","https://registry.npmjs.org/@esbuild/android-x64/-/android-x64-0.28.0.tgz"
"@esbuild/darwin-arm64","0.18.20","tarballs/esbuild__darwin-arm64-0.18.20.tgz","sha512-bxRHW5kHU38zS2lPTPOyuyTm+S+eobPUnTNkdJEfAddYgEcll4xkT8DB9d2008DtTbl7uJag2HuE5NZAZgnNEA==","https://registry.npmjs.org/@esbuild/darwin-arm64/-/darwin-arm64-0.18.20.tgz"
"@esbuild/darwin-arm64","0.25.12","tarballs/esbuild__darwin-arm64-0.25.12.tgz","sha512-N3zl+lxHCifgIlcMUP5016ESkeQjLj/959RxxNYIthIg+CQHInujFuXeWbWMgnTo4cp5XVHqFPmpyu9J65C1Yg==","https://registry.npmjs.org/@esbuild/darwin-arm64/-/darwin-arm64-0.25.12.tgz"
"@esbuild/darwin-arm64","0.27.3","tarballs/esbuild__darwin-arm64-0.27.3.tgz","sha512-Re491k7ByTVRy0t3EKWajdLIr0gz2kKKfzafkth4Q8A5n1xTHrkqZgLLjFEHVD+AXdUGgQMq+Godfq45mGpCKg==","https://registry.npmjs.org/@esbuild/darwin-arm64/-/darwin-arm64-0.27.3.tgz"
"@esbuild/darwin-arm64","0.28.0","tarballs/esbuild__darwin-arm64-0.28.0.tgz","sha512-0T+A9WZm+bZ84nZBtk1ckYsOvyA3x7e2Acj1KdVfV4/2tdG4fzUp91YHx+GArWLtwqp77pBXVCPn2We7Letr0Q==","https://registry.npmjs.org/@esbuild/darwin-arm64/-/darwin-arm64-0.28.0.tgz"
"@esbuild/darwin-x64","0.18.20","tarballs/esbuild__darwin-x64-0.18.20.tgz","sha512-pc5gxlMDxzm513qPGbCbDukOdsGtKhfxD1zJKXjCCcU7ju50O7MeAZ8c4krSJcOIJGFR+qx21yMMVYwiQvyTyQ==","https://registry.npmjs.org/@esbuild/darwin-x64/-/darwin-x64-0.18.20.tgz"
"@esbuild/darwin-x64","0.25.12","tarballs/esbuild__darwin-x64-0.25.12.tgz","sha512-HQ9ka4Kx21qHXwtlTUVbKJOAnmG1ipXhdWTmNXiPzPfWKpXqASVcWdnf2bnL73wgjNrFXAa3yYvBSd9pzfEIpA==","https://registry.npmjs.org/@esbuild/darwin-x64/-/darwin-x64-0.25.12.tgz"
"@esbuild/darwin-x64","0.27.3","tarballs/esbuild__darwin-x64-0.27.3.tgz","sha512-vHk/hA7/1AckjGzRqi6wbo+jaShzRowYip6rt6q7VYEDX4LEy1pZfDpdxCBnGtl+A5zq8iXDcyuxwtv3hNtHFg==","https://registry.npmjs.org/@esbuild/darwin-x64/-/darwin-x64-0.27.3.tgz"
"@esbuild/darwin-x64","0.28.0","tarballs/esbuild__darwin-x64-0.28.0.tgz","sha512-fyzLm/DLDl/84OCfp2f/XQ4flmORsjU7VKt8HLjvIXChJoFFOIL6pLJPH4Yhd1n1gGFF9mPwtlN5Wf82DZs+LQ==","https://registry.npmjs.org/@esbuild/darwin-x64/-/darwin-x64-0.28.0.tgz"
"@esbuild/freebsd-arm64","0.18.20","tarballs/esbuild__freebsd-arm64-0.18.20.tgz","sha512-yqDQHy4QHevpMAaxhhIwYPMv1NECwOvIpGCZkECn8w2WFHXjEwrBn3CeNIYsibZ/iZEUemj++M26W3cNR5h+Tw==","https://registry.npmjs.org/@esbuild/freebsd-arm64/-/freebsd-arm64-0.18.20.tgz"
"@esbuild/freebsd-arm64","0.25.12","tarballs/esbuild__freebsd-arm64-0.25.12.tgz","sha512-gA0Bx759+7Jve03K1S0vkOu5Lg/85dou3EseOGUes8flVOGxbhDDh/iZaoek11Y8mtyKPGF3vP8XhnkDEAmzeg==","https://registry.npmjs.org/@esbuild/freebsd-arm64/-/freebsd-arm64-0.25.12.tgz"
"@esbuild/freebsd-arm64","0.27.3","tarballs/esbuild__freebsd-arm64-0.27.3.tgz","sha512-ipTYM2fjt3kQAYOvo6vcxJx3nBYAzPjgTCk7QEgZG8AUO3ydUhvelmhrbOheMnGOlaSFUoHXB6un+A7q4ygY9w==","https://registry.npmjs.org/@esbuild/freebsd-arm64/-/freebsd-arm64-0.27.3.tgz"
"@esbuild/freebsd-arm64","0.28.0","tarballs/esbuild__freebsd-arm64-0.28.0.tgz","sha512-l9GeW5UZBT9k9brBYI+0WDffcRxgHQD8ShN2Ur4xWq/NFzUKm3k5lsH4PdaRgb2w7mI9u61nr2gI2mLI27Nh3Q==","https://registry.npmjs.org/@esbuild/freebsd-arm64/-/freebsd-arm64-0.28.0.tgz"
"@esbuild/freebsd-x64","0.18.20","tarballs/esbuild__freebsd-x64-0.18.20.tgz","sha512-tgWRPPuQsd3RmBZwarGVHZQvtzfEBOreNuxEMKFcd5DaDn2PbBxfwLcj4+aenoh7ctXcbXmOQIn8HI6mCSw5MQ==","https://registry.npmjs.org/@esbuild/freebsd-x64/-/freebsd-x64-0.18.20.tgz"
"@esbuild/freebsd-x64","0.25.12","tarballs/esbuild__freebsd-x64-0.25.12.tgz","sha512-TGbO26Yw2xsHzxtbVFGEXBFH0FRAP7gtcPE7P5yP7wGy7cXK2oO7RyOhL5NLiqTlBh47XhmIUXuGciXEqYFfBQ==","https://registry.npmjs.org/@esbuild/freebsd-x64/-/freebsd-x64-0.25.12.tgz"
"@esbuild/freebsd-x64","0.27.3","tarballs/esbuild__freebsd-x64-0.27.3.tgz","sha512-dDk0X87T7mI6U3K9VjWtHOXqwAMJBNN2r7bejDsc+j03SEjtD9HrOl8gVFByeM0aJksoUuUVU9TBaZa2rgj0oA==","https://registry.npmjs.org/@esbuild/freebsd-x64/-/freebsd-x64-0.27.3.tgz"
"@esbuild/freebsd-x64","0.28.0","tarballs/esbuild__freebsd-x64-0.28.0.tgz","sha512-BXoQai/A0wPO6Es3yFJ7APCiKGc1tdAEOgeTNy3SsB491S3aHn4S4r3e976eUnPdU+NbdtmBuLncYir2tMU9Nw==","https://registry.npmjs.org/@esbuild/freebsd-x64/-/freebsd-x64-0.28.0.tgz"
"@esbuild/linux-arm","0.18.20","tarballs/esbuild__linux-arm-0.18.20.tgz","sha512-/5bHkMWnq1EgKr1V+Ybz3s1hWXok7mDFUMQ4cG10AfW3wL02PSZi5kFpYKrptDsgb2WAJIvRcDm+qIvXf/apvg==","https://registry.npmjs.org/@esbuild/linux-arm/-/linux-arm-0.18.20.tgz"
"@esbuild/linux-arm","0.25.12","tarballs/esbuild__linux-arm-0.25.12.tgz","sha512-lPDGyC1JPDou8kGcywY0YILzWlhhnRjdof3UlcoqYmS9El818LLfJJc3PXXgZHrHCAKs/Z2SeZtDJr5MrkxtOw==","https://registry.npmjs.org/@esbuild/linux-arm/-/linux-arm-0.25.12.tgz"
"@esbuild/linux-arm","0.27.3","tarballs/esbuild__linux-arm-0.27.3.tgz","sha512-s6nPv2QkSupJwLYyfS+gwdirm0ukyTFNl3KTgZEAiJDd+iHZcbTPPcWCcRYH+WlNbwChgH2QkE9NSlNrMT8Gfw==","https://registry.npmjs.org/@esbuild/linux-arm/-/linux-arm-0.27.3.tgz"
"@esbuild/linux-arm","0.28.0","tarballs/esbuild__linux-arm-0.28.0.tgz","sha512-CjaaREJagqJp7iTaNQjjidaNbCKYcd4IDkzbwwxtSvjI7NZm79qiHc8HqciMddQ6CKvJT6aBd8lO9kN/ZudLlw==","https://registry.npmjs.org/@esbuild/linux-arm/-/linux-arm-0.28.0.tgz"
"@esbuild/linux-arm64","0.18.20","tarballs/esbuild__linux-arm64-0.18.20.tgz","sha512-2YbscF+UL7SQAVIpnWvYwM+3LskyDmPhe31pE7/aoTMFKKzIc9lLbyGUpmmb8a8AixOL61sQ/mFh3jEjHYFvdA==","https://registry.npmjs.org/@esbuild/linux-arm64/-/linux-arm64-0.18.20.tgz"
"@esbuild/linux-arm64","0.25.12","tarballs/esbuild__linux-arm64-0.25.12.tgz","sha512-8bwX7a8FghIgrupcxb4aUmYDLp8pX06rGh5HqDT7bB+8Rdells6mHvrFHHW2JAOPZUbnjUpKTLg6ECyzvas2AQ==","https://registry.npmjs.org/@esbuild/linux-arm64/-/linux-arm64-0.25.12.tgz"
"@esbuild/linux-arm64","0.27.3","tarballs/esbuild__linux-arm64-0.27.3.tgz","sha512-sZOuFz/xWnZ4KH3YfFrKCf1WyPZHakVzTiqji3WDc0BCl2kBwiJLCXpzLzUBLgmp4veFZdvN5ChW4Eq/8Fc2Fg==","https://registry.npmjs.org/@esbuild/linux-arm64/-/linux-arm64-0.27.3.tgz"
"@esbuild/linux-arm64","0.28.0","tarballs/esbuild__linux-arm64-0.28.0.tgz","sha512-RVyzfb3FWsGA55n6WY0MEIEPURL1FcbhFE6BffZEMEekfCzCIMtB5yyDcFnVbTnwk+CLAgTujmV/Lgvih56W+A==","https://registry.npmjs.org/@esbuild/linux-arm64/-/linux-arm64-0.28.0.tgz"
"@esbuild/linux-ia32","0.18.20","tarballs/esbuild__linux-ia32-0.18.20.tgz","sha512-P4etWwq6IsReT0E1KHU40bOnzMHoH73aXp96Fs8TIT6z9Hu8G6+0SHSw9i2isWrD2nbx2qo5yUqACgdfVGx7TA==","https://registry.npmjs.org/@esbuild/linux-ia32/-/linux-ia32-0.18.20.tgz"
"@esbuild/linux-ia32","0.25.12","tarballs/esbuild__linux-ia32-0.25.12.tgz","sha512-0y9KrdVnbMM2/vG8KfU0byhUN+EFCny9+8g202gYqSSVMonbsCfLjUO+rCci7pM0WBEtz+oK/PIwHkzxkyharA==","https://registry.npmjs.org/@esbuild/linux-ia32/-/linux-ia32-0.25.12.tgz"
"@esbuild/linux-ia32","0.27.3","tarballs/esbuild__linux-ia32-0.27.3.tgz","sha512-yGlQYjdxtLdh0a3jHjuwOrxQjOZYD/C9PfdbgJJF3TIZWnm/tMd/RcNiLngiu4iwcBAOezdnSLAwQDPqTmtTYg==","https://registry.npmjs.org/@esbuild/linux-ia32/-/linux-ia32-0.27.3.tgz"
"@esbuild/linux-ia32","0.28.0","tarballs/esbuild__linux-ia32-0.28.0.tgz","sha512-KBnSTt1kxl9x70q+ydterVdl+Cn0H18ngRMRCEQfrbqdUuntQQ0LoMZv47uB97NljZFzY6HcfqEZ2SAyIUTQBQ==","https://registry.npmjs.org/@esbuild/linux-ia32/-/linux-ia32-0.28.0.tgz"
"@esbuild/linux-loong64","0.18.20","tarballs/esbuild__linux-loong64-0.18.20.tgz","sha512-nXW8nqBTrOpDLPgPY9uV+/1DjxoQ7DoB2N8eocyq8I9XuqJ7BiAMDMf9n1xZM9TgW0J8zrquIb/A7s3BJv7rjg==","https://registry.npmjs.org/@esbuild/linux-loong64/-/linux-loong64-0.18.20.tgz"
"@esbuild/linux-loong64","0.25.12","tarballs/esbuild__linux-loong64-0.25.12.tgz","sha512-h///Lr5a9rib/v1GGqXVGzjL4TMvVTv+s1DPoxQdz7l/AYv6LDSxdIwzxkrPW438oUXiDtwM10o9PmwS/6Z0Ng==","https://registry.npmjs.org/@esbuild/linux-loong64/-/linux-loong64-0.25.12.tgz"
"@esbuild/linux-loong64","0.27.3","tarballs/esbuild__linux-loong64-0.27.3.tgz","sha512-WO60Sn8ly3gtzhyjATDgieJNet/KqsDlX5nRC5Y3oTFcS1l0KWba+SEa9Ja1GfDqSF1z6hif/SkpQJbL63cgOA==","https://registry.npmjs.org/@esbuild/linux-loong64/-/linux-loong64-0.27.3.tgz"
"@esbuild/linux-loong64","0.28.0","tarballs/esbuild__linux-loong64-0.28.0.tgz","sha512-zpSlUce1mnxzgBADvxKXX5sl8aYQHo2ezvMNI8I0lbblJtp8V4odlm3Yzlj7gPyt3T8ReksE6bK+pT3WD+aJRg==","https://registry.npmjs.org/@esbuild/linux-loong64/-/linux-loong64-0.28.0.tgz"
"@esbuild/linux-mips64el","0.18.20","tarballs/esbuild__linux-mips64el-0.18.20.tgz","sha512-d5NeaXZcHp8PzYy5VnXV3VSd2D328Zb+9dEq5HE6bw6+N86JVPExrA6O68OPwobntbNJ0pzCpUFZTo3w0GyetQ==","https://registry.npmjs.org/@esbuild/linux-mips64el/-/linux-mips64el-0.18.20.tgz"
"@esbuild/linux-mips64el","0.25.12","tarballs/esbuild__linux-mips64el-0.25.12.tgz","sha512-iyRrM1Pzy9GFMDLsXn1iHUm18nhKnNMWscjmp4+hpafcZjrr2WbT//d20xaGljXDBYHqRcl8HnxbX6uaA/eGVw==","https://registry.npmjs.org/@esbuild/linux-mips64el/-/linux-mips64el-0.25.12.tgz"
"@esbuild/linux-mips64el","0.27.3","tarballs/esbuild__linux-mips64el-0.27.3.tgz","sha512-APsymYA6sGcZ4pD6k+UxbDjOFSvPWyZhjaiPyl/f79xKxwTnrn5QUnXR5prvetuaSMsb4jgeHewIDCIWljrSxw==","https://registry.npmjs.org/@esbuild/linux-mips64el/-/linux-mips64el-0.27.3.tgz"
"@esbuild/linux-mips64el","0.28.0","tarballs/esbuild__linux-mips64el-0.28.0.tgz","sha512-2jIfP6mmjkdmeTlsX/9vmdmhBmKADrWqN7zcdtHIeNSCH1SqIoNI63cYsjQR8J+wGa4Y5izRcSHSm8K3QWmk3w==","https://registry.npmjs.org/@esbuild/linux-mips64el/-/linux-mips64el-0.28.0.tgz"
"@esbuild/linux-ppc64","0.18.20","tarballs/esbuild__linux-ppc64-0.18.20.tgz","sha512-WHPyeScRNcmANnLQkq6AfyXRFr5D6N2sKgkFo2FqguP44Nw2eyDlbTdZwd9GYk98DZG9QItIiTlFLHJHjxP3FA==","https://registry.npmjs.org/@esbuild/linux-ppc64/-/linux-ppc64-0.18.20.tgz"
"@esbuild/linux-ppc64","0.25.12","tarballs/esbuild__linux-ppc64-0.25.12.tgz","sha512-9meM/lRXxMi5PSUqEXRCtVjEZBGwB7P/D4yT8UG/mwIdze2aV4Vo6U5gD3+RsoHXKkHCfSxZKzmDssVlRj1QQA==","https://registry.npmjs.org/@esbuild/linux-ppc64/-/linux-ppc64-0.25.12.tgz"
"@esbuild/linux-ppc64","0.27.3","tarballs/esbuild__linux-ppc64-0.27.3.tgz","sha512-eizBnTeBefojtDb9nSh4vvVQ3V9Qf9Df01PfawPcRzJH4gFSgrObw+LveUyDoKU3kxi5+9RJTCWlj4FjYXVPEA==","https://registry.npmjs.org/@esbuild/linux-ppc64/-/linux-ppc64-0.27.3.tgz"
"@esbuild/linux-ppc64","0.28.0","tarballs/esbuild__linux-ppc64-0.28.0.tgz","sha512-bc0FE9wWeC0WBm49IQMPSPILRocGTQt3j5KPCA8os6VprfuJ7KD+5PzESSrJ6GmPIPJK965ZJHTUlSA6GNYEhg==","https://registry.npmjs.org/@esbuild/linux-ppc64/-/linux-ppc64-0.28.0.tgz"
"@esbuild/linux-riscv64","0.18.20","tarballs/esbuild__linux-riscv64-0.18.20.tgz","sha512-WSxo6h5ecI5XH34KC7w5veNnKkju3zBRLEQNY7mv5mtBmrP/MjNBCAlsM2u5hDBlS3NGcTQpoBvRzqBcRtpq1A==","https://registry.npmjs.org/@esbuild/linux-riscv64/-/linux-riscv64-0.18.20.tgz"
"@esbuild/linux-riscv64","0.25.12","tarballs/esbuild__linux-riscv64-0.25.12.tgz","sha512-Zr7KR4hgKUpWAwb1f3o5ygT04MzqVrGEGXGLnj15YQDJErYu/BGg+wmFlIDOdJp0PmB0lLvxFIOXZgFRrdjR0w==","https://registry.npmjs.org/@esbuild/linux-riscv64/-/linux-riscv64-0.25.12.tgz"
"@esbuild/linux-riscv64","0.27.3","tarballs/esbuild__linux-riscv64-0.27.3.tgz","sha512-3Emwh0r5wmfm3ssTWRQSyVhbOHvqegUDRd0WhmXKX2mkHJe1SFCMJhagUleMq+Uci34wLSipf8Lagt4LlpRFWQ==","https://registry.npmjs.org/@esbuild/linux-riscv64/-/linux-riscv64-0.27.3.tgz"
"@esbuild/linux-riscv64","0.28.0","tarballs/esbuild__linux-riscv64-0.28.0.tgz","sha512-SQPZOwoTTT/HXFXQJG/vBX8sOFagGqvZyXcgLA3NhIqcBv1BJU1d46c0rGcrij2B56Z2rNiSLaZOYW5cUk7yLQ==","https://registry.npmjs.org/@esbuild/linux-riscv64/-/linux-riscv64-0.28.0.tgz"
"@esbuild/linux-s390x","0.18.20","tarballs/esbuild__linux-s390x-0.18.20.tgz","sha512-+8231GMs3mAEth6Ja1iK0a1sQ3ohfcpzpRLH8uuc5/KVDFneH6jtAJLFGafpzpMRO6DzJ6AvXKze9LfFMrIHVQ==","https://registry.npmjs.org/@esbuild/linux-s390x/-/linux-s390x-0.18.20.tgz"
"@esbuild/linux-s390x","0.25.12","tarballs/esbuild__linux-s390x-0.25.12.tgz","sha512-MsKncOcgTNvdtiISc/jZs/Zf8d0cl/t3gYWX8J9ubBnVOwlk65UIEEvgBORTiljloIWnBzLs4qhzPkJcitIzIg==","https://registry.npmjs.org/@esbuild/linux-s390x/-/linux-s390x-0.25.12.tgz"
"@esbuild/linux-s390x","0.27.3","tarballs/esbuild__linux-s390x-0.27.3.tgz","sha512-pBHUx9LzXWBc7MFIEEL0yD/ZVtNgLytvx60gES28GcWMqil8ElCYR4kvbV2BDqsHOvVDRrOxGySBM9Fcv744hw==","https://registry.npmjs.org/@esbuild/linux-s390x/-/linux-s390x-0.27.3.tgz"
"@esbuild/linux-s390x","0.28.0","tarballs/esbuild__linux-s390x-0.28.0.tgz","sha512-SCfR0HN8CEEjnYnySJTd2cw0k9OHB/YFzt5zgJEwa+wL/T/raGWYMBqwDNAC6dqFKmJYZoQBRfHjgwLHGSrn3Q==","https://registry.npmjs.org/@esbuild/linux-s390x/-/linux-s390x-0.28.0.tgz"
"@esbuild/linux-x64","0.18.20","tarballs/esbuild__linux-x64-0.18.20.tgz","sha512-UYqiqemphJcNsFEskc73jQ7B9jgwjWrSayxawS6UVFZGWrAAtkzjxSqnoclCXxWtfwLdzU+vTpcNYhpn43uP1w==","https://registry.npmjs.org/@esbuild/linux-x64/-/linux-x64-0.18.20.tgz"
"@esbuild/linux-x64","0.25.12","tarballs/esbuild__linux-x64-0.25.12.tgz","sha512-uqZMTLr/zR/ed4jIGnwSLkaHmPjOjJvnm6TVVitAa08SLS9Z0VM8wIRx7gWbJB5/J54YuIMInDquWyYvQLZkgw==","https://registry.npmjs.org/@esbuild/linux-x64/-/linux-x64-0.25.12.tgz"
"@esbuild/linux-x64","0.27.3","tarballs/esbuild__linux-x64-0.27.3.tgz","sha512-Czi8yzXUWIQYAtL/2y6vogER8pvcsOsk5cpwL4Gk5nJqH5UZiVByIY8Eorm5R13gq+DQKYg0+JyQoytLQas4dA==","https://registry.npmjs.org/@esbuild/linux-x64/-/linux-x64-0.27.3.tgz"
"@esbuild/linux-x64","0.28.0","tarballs/esbuild__linux-x64-0.28.0.tgz","sha512-us0dSb9iFxIi8srnpl931Nvs65it/Jd2a2K3qs7fz2WfGPHqzfzZTfec7oxZJRNPXPnNYZtanmRc4AL/JwVzHQ==","https://registry.npmjs.org/@esbuild/linux-x64/-/linux-x64-0.28.0.tgz"
"@esbuild/netbsd-arm64","0.25.12","tarballs/esbuild__netbsd-arm64-0.25.12.tgz","sha512-xXwcTq4GhRM7J9A8Gv5boanHhRa/Q9KLVmcyXHCTaM4wKfIpWkdXiMog/KsnxzJ0A1+nD+zoecuzqPmCRyBGjg==","https://registry.npmjs.org/@esbuild/netbsd-arm64/-/netbsd-arm64-0.25.12.tgz"
"@esbuild/netbsd-arm64","0.27.3","tarballs/esbuild__netbsd-arm64-0.27.3.tgz","sha512-sDpk0RgmTCR/5HguIZa9n9u+HVKf40fbEUt+iTzSnCaGvY9kFP0YKBWZtJaraonFnqef5SlJ8/TiPAxzyS+UoA==","https://registry.npmjs.org/@esbuild/netbsd-arm64/-/netbsd-arm64-0.27.3.tgz"
"@esbuild/netbsd-arm64","0.28.0","tarballs/esbuild__netbsd-arm64-0.28.0.tgz","sha512-CR/RYotgtCKwtftMwJlUU7xCVNg3lMYZ0RzTmAHSfLCXw3NtZtNpswLEj/Kkf6kEL3Gw+BpOekRX0BYCtklhUw==","https://registry.npmjs.org/@esbuild/netbsd-arm64/-/netbsd-arm64-0.28.0.tgz"
"@esbuild/netbsd-x64","0.18.20","tarballs/esbuild__netbsd-x64-0.18.20.tgz","sha512-iO1c++VP6xUBUmltHZoMtCUdPlnPGdBom6IrO4gyKPFFVBKioIImVooR5I83nTew5UOYrk3gIJhbZh8X44y06A==","https://registry.npmjs.org/@esbuild/netbsd-x64/-/netbsd-x64-0.18.20.tgz"
"@esbuild/netbsd-x64","0.25.12","tarballs/esbuild__netbsd-x64-0.25.12.tgz","sha512-Ld5pTlzPy3YwGec4OuHh1aCVCRvOXdH8DgRjfDy/oumVovmuSzWfnSJg+VtakB9Cm0gxNO9BzWkj6mtO1FMXkQ==","https://registry.npmjs.org/@esbuild/netbsd-x64/-/netbsd-x64-0.25.12.tgz"
"@esbuild/netbsd-x64","0.27.3","tarballs/esbuild__netbsd-x64-0.27.3.tgz","sha512-P14lFKJl/DdaE00LItAukUdZO5iqNH7+PjoBm+fLQjtxfcfFE20Xf5CrLsmZdq5LFFZzb5JMZ9grUwvtVYzjiA==","https://registry.npmjs.org/@esbuild/netbsd-x64/-/netbsd-x64-0.27.3.tgz"
"@esbuild/netbsd-x64","0.28.0","tarballs/esbuild__netbsd-x64-0.28.0.tgz","sha512-nU1yhmYutL+fQ71Kxnhg8uEOdC0pwEW9entHykTgEbna2pw2dkbFSMeqjjyHZoCmt8SBkOSvV+yNmm94aUrrqw==","https://registry.npmjs.org/@esbuild/netbsd-x64/-/netbsd-x64-0.28.0.tgz"
"@esbuild/openbsd-arm64","0.25.12","tarballs/esbuild__openbsd-arm64-0.25.12.tgz","sha512-fF96T6KsBo/pkQI950FARU9apGNTSlZGsv1jZBAlcLL1MLjLNIWPBkj5NlSz8aAzYKg+eNqknrUJ24QBybeR5A==","https://registry.npmjs.org/@esbuild/openbsd-arm64/-/openbsd-arm64-0.25.12.tgz"
"@esbuild/openbsd-arm64","0.27.3","tarballs/esbuild__openbsd-arm64-0.27.3.tgz","sha512-AIcMP77AvirGbRl/UZFTq5hjXK+2wC7qFRGoHSDrZ5v5b8DK/GYpXW3CPRL53NkvDqb9D+alBiC/dV0Fb7eJcw==","https://registry.npmjs.org/@esbuild/openbsd-arm64/-/openbsd-arm64-0.27.3.tgz"
"@esbuild/openbsd-arm64","0.28.0","tarballs/esbuild__openbsd-arm64-0.28.0.tgz","sha512-cXb5vApOsRsxsEl4mcZ1XY3D4DzcoMxR/nnc4IyqYs0rTI8ZKmW6kyyg+11Z8yvgMfAEldKzP7AdP64HnSC/6g==","https://registry.npmjs.org/@esbuild/openbsd-arm64/-/openbsd-arm64-0.28.0.tgz"
"@esbuild/openbsd-x64","0.18.20","tarballs/esbuild__openbsd-x64-0.18.20.tgz","sha512-e5e4YSsuQfX4cxcygw/UCPIEP6wbIL+se3sxPdCiMbFLBWu0eiZOJ7WoD+ptCLrmjZBK1Wk7I6D/I3NglUGOxg==","https://registry.npmjs.org/@esbuild/openbsd-x64/-/openbsd-x64-0.18.20.tgz"
"@esbuild/openbsd-x64","0.25.12","tarballs/esbuild__openbsd-x64-0.25.12.tgz","sha512-MZyXUkZHjQxUvzK7rN8DJ3SRmrVrke8ZyRusHlP+kuwqTcfWLyqMOE3sScPPyeIXN/mDJIfGXvcMqCgYKekoQw==","https://registry.npmjs.org/@esbuild/openbsd-x64/-/openbsd-x64-0.25.12.tgz"
"@esbuild/openbsd-x64","0.27.3","tarballs/esbuild__openbsd-x64-0.27.3.tgz","sha512-DnW2sRrBzA+YnE70LKqnM3P+z8vehfJWHXECbwBmH/CU51z6FiqTQTHFenPlHmo3a8UgpLyH3PT+87OViOh1AQ==","https://registry.npmjs.org/@esbuild/openbsd-x64/-/openbsd-x64-0.27.3.tgz"
"@esbuild/openbsd-x64","0.28.0","tarballs/esbuild__openbsd-x64-0.28.0.tgz","sha512-8wZM2qqtv9UP3mzy7HiGYNH/zjTA355mpeuA+859TyR+e+Tc08IHYpLJuMsfpDJwoLo1ikIJI8jC3GFjnRClzA==","https://registry.npmjs.org/@esbuild/openbsd-x64/-/openbsd-x64-0.28.0.tgz"
"@esbuild/openharmony-arm64","0.25.12","tarballs/esbuild__openharmony-arm64-0.25.12.tgz","sha512-rm0YWsqUSRrjncSXGA7Zv78Nbnw4XL6/dzr20cyrQf7ZmRcsovpcRBdhD43Nuk3y7XIoW2OxMVvwuRvk9XdASg==","https://registry.npmjs.org/@esbuild/openharmony-arm64/-/openharmony-arm64-0.25.12.tgz"
"@esbuild/openharmony-arm64","0.27.3","tarballs/esbuild__openharmony-arm64-0.27.3.tgz","sha512-NinAEgr/etERPTsZJ7aEZQvvg/A6IsZG/LgZy+81wON2huV7SrK3e63dU0XhyZP4RKGyTm7aOgmQk0bGp0fy2g==","https://registry.npmjs.org/@esbuild/openharmony-arm64/-/openharmony-arm64-0.27.3.tgz"
"@esbuild/openharmony-arm64","0.28.0","tarballs/esbuild__openharmony-arm64-0.28.0.tgz","sha512-FLGfyizszcef5C3YtoyQDACyg95+dndv79i2EekILBofh5wpCa1KuBqOWKrEHZg3zrL3t5ouE5jgr94vA+Wb2w==","https://registry.npmjs.org/@esbuild/openharmony-arm64/-/openharmony-arm64-0.28.0.tgz"
"@esbuild/sunos-x64","0.18.20","tarballs/esbuild__sunos-x64-0.18.20.tgz","sha512-kDbFRFp0YpTQVVrqUd5FTYmWo45zGaXe0X8E1G/LKFC0v8x0vWrhOWSLITcCn63lmZIxfOMXtCfti/RxN/0wnQ==","https://registry.npmjs.org/@esbuild/sunos-x64/-/sunos-x64-0.18.20.tgz"
"@esbuild/sunos-x64","0.25.12","tarballs/esbuild__sunos-x64-0.25.12.tgz","sha512-3wGSCDyuTHQUzt0nV7bocDy72r2lI33QL3gkDNGkod22EsYl04sMf0qLb8luNKTOmgF/eDEDP5BFNwoBKH441w==","https://registry.npmjs.org/@esbuild/sunos-x64/-/sunos-x64-0.25.12.tgz"
"@esbuild/sunos-x64","0.27.3","tarballs/esbuild__sunos-x64-0.27.3.tgz","sha512-PanZ+nEz+eWoBJ8/f8HKxTTD172SKwdXebZ0ndd953gt1HRBbhMsaNqjTyYLGLPdoWHy4zLU7bDVJztF5f3BHA==","https://registry.npmjs.org/@esbuild/sunos-x64/-/sunos-x64-0.27.3.tgz"
"@esbuild/sunos-x64","0.28.0","tarballs/esbuild__sunos-x64-0.28.0.tgz","sha512-1ZgjUoEdHZZl/YlV76TSCz9Hqj9h9YmMGAgAPYd+q4SicWNX3G5GCyx9uhQWSLcbvPW8Ni7lj4gDa1T40akdlw==","https://registry.npmjs.org/@esbuild/sunos-x64/-/sunos-x64-0.28.0.tgz"
"@esbuild/win32-arm64","0.18.20","tarballs/esbuild__win32-arm64-0.18.20.tgz","sha512-ddYFR6ItYgoaq4v4JmQQaAI5s7npztfV4Ag6NrhiaW0RrnOXqBkgwZLofVTlq1daVTQNhtI5oieTvkRPfZrePg==","https://registry.npmjs.org/@esbuild/win32-arm64/-/win32-arm64-0.18.20.tgz"
"@esbuild/win32-arm64","0.25.12","tarballs/esbuild__win32-arm64-0.25.12.tgz","sha512-rMmLrur64A7+DKlnSuwqUdRKyd3UE7oPJZmnljqEptesKM8wx9J8gx5u0+9Pq0fQQW8vqeKebwNXdfOyP+8Bsg==","https://registry.npmjs.org/@esbuild/win32-arm64/-/win32-arm64-0.25.12.tgz"
"@esbuild/win32-arm64","0.27.3","tarballs/esbuild__win32-arm64-0.27.3.tgz","sha512-B2t59lWWYrbRDw/tjiWOuzSsFh1Y/E95ofKz7rIVYSQkUYBjfSgf6oeYPNWHToFRr2zx52JKApIcAS/D5TUBnA==","https://registry.npmjs.org/@esbuild/win32-arm64/-/win32-arm64-0.27.3.tgz"
"@esbuild/win32-arm64","0.28.0","tarballs/esbuild__win32-arm64-0.28.0.tgz","sha512-Q9StnDmQ/enxnpxCCLSg0oo4+34B9TdXpuyPeTedN/6+iXBJ4J+zwfQI28u/Jl40nOYAxGoNi7mFP40RUtkmUA==","https://registry.npmjs.org/@esbuild/win32-arm64/-/win32-arm64-0.28.0.tgz"
"@esbuild/win32-ia32","0.18.20","tarballs/esbuild__win32-ia32-0.18.20.tgz","sha512-Wv7QBi3ID/rROT08SABTS7eV4hX26sVduqDOTe1MvGMjNd3EjOz4b7zeexIR62GTIEKrfJXKL9LFxTYgkyeu7g==","https://registry.npmjs.org/@esbuild/win32-ia32/-/win32-ia32-0.18.20.tgz"
"@esbuild/win32-ia32","0.25.12","tarballs/esbuild__win32-ia32-0.25.12.tgz","sha512-HkqnmmBoCbCwxUKKNPBixiWDGCpQGVsrQfJoVGYLPT41XWF8lHuE5N6WhVia2n4o5QK5M4tYr21827fNhi4byQ==","https://registry.npmjs.org/@esbuild/win32-ia32/-/win32-ia32-0.25.12.tgz"
"@esbuild/win32-ia32","0.27.3","tarballs/esbuild__win32-ia32-0.27.3.tgz","sha512-QLKSFeXNS8+tHW7tZpMtjlNb7HKau0QDpwm49u0vUp9y1WOF+PEzkU84y9GqYaAVW8aH8f3GcBck26jh54cX4Q==","https://registry.npmjs.org/@esbuild/win32-ia32/-/win32-ia32-0.27.3.tgz"
"@esbuild/win32-ia32","0.28.0","tarballs/esbuild__win32-ia32-0.28.0.tgz","sha512-zF3ag/gfiCe6U2iczcRzSYJKH1DCI+ByzSENHlM2FcDbEeo5Zd2C86Aq0tKUYAJJ1obRP84ymxIAksZUcdztHA==","https://registry.npmjs.org/@esbuild/win32-ia32/-/win32-ia32-0.28.0.tgz"
"@esbuild/win32-x64","0.18.20","tarballs/esbuild__win32-x64-0.18.20.tgz","sha512-kTdfRcSiDfQca/y9QIkng02avJ+NCaQvrMejlsB3RRv5sE9rRoeBPISaZpKxHELzRxZyLvNts1P27W3wV+8geQ==","https://registry.npmjs.org/@esbuild/win32-x64/-/win32-x64-0.18.20.tgz"
"@esbuild/win32-x64","0.25.12","tarballs/esbuild__win32-x64-0.25.12.tgz","sha512-alJC0uCZpTFrSL0CCDjcgleBXPnCrEAhTBILpeAp7M/OFgoqtAetfBzX0xM00MUsVVPpVjlPuMbREqnZCXaTnA==","https://registry.npmjs.org/@esbuild/win32-x64/-/win32-x64-0.25.12.tgz"
"@esbuild/win32-x64","0.27.3","tarballs/esbuild__win32-x64-0.27.3.tgz","sha512-4uJGhsxuptu3OcpVAzli+/gWusVGwZZHTlS63hh++ehExkVT8SgiEf7/uC/PclrPPkLhZqGgCTjd0VWLo6xMqA==","https://registry.npmjs.org/@esbuild/win32-x64/-/win32-x64-0.27.3.tgz"
"@esbuild/win32-x64","0.28.0","tarballs/esbuild__win32-x64-0.28.0.tgz","sha512-pEl1bO9mfAmIC+tW5btTmrKaujg3zGtUmWNdCw/xs70FBjwAL3o9OEKNHvNmnyylD6ubxUERiEhdsL0xBQ9efw==","https://registry.npmjs.org/@esbuild/win32-x64/-/win32-x64-0.28.0.tgz"
"@eslint-community/eslint-utils","4.9.1","tarballs/eslint-community__eslint-utils-4.9.1.tgz","sha512-phrYmNiYppR7znFEdqgfWHXR6NCkZEK7hwWDHZUjit/2/U0r6XvkDl0SYnoM51Hq7FhCGdLDT6zxCCOY1hexsQ==","https://registry.npmjs.org/@eslint-community/eslint-utils/-/eslint-utils-4.9.1.tgz"
"@eslint-community/regexpp","4.12.2","tarballs/eslint-community__regexpp-4.12.2.tgz","sha512-EriSTlt5OC9/7SXkRSCAhfSxxoSUgBm33OH+IkwbdpgoqsSsUg7y3uh+IICI/Qg4BBWr3U2i39RpmycbxMq4ew==","https://registry.npmjs.org/@eslint-community/regexpp/-/regexpp-4.12.2.tgz"
"@eslint/config-array","0.21.2","tarballs/eslint__config-array-0.21.2.tgz","sha512-nJl2KGTlrf9GjLimgIru+V/mzgSK0ABCDQRvxw5BjURL7WfH5uoWmizbH7QB6MmnMBd8cIC9uceWnezL1VZWWw==","https://registry.npmjs.org/@eslint/config-array/-/config-array-0.21.2.tgz"
"@eslint/config-helpers","0.4.2","tarballs/eslint__config-helpers-0.4.2.tgz","sha512-gBrxN88gOIf3R7ja5K9slwNayVcZgK6SOUORm2uBzTeIEfeVaIhOpCtTox3P6R7o2jLFwLFTLnC7kU/RGcYEgw==","https://registry.npmjs.org/@eslint/config-helpers/-/config-helpers-0.4.2.tgz"
"@eslint/core","0.17.0","tarballs/eslint__core-0.17.0.tgz","sha512-yL/sLrpmtDaFEiUj1osRP4TI2MDz1AddJL+jZ7KSqvBuliN4xqYY54IfdN8qD8Toa6g1iloph1fxQNkjOxrrpQ==","https://registry.npmjs.org/@eslint/core/-/core-0.17.0.tgz"
"@eslint/eslintrc","3.3.5","tarballs/eslint__eslintrc-3.3.5.tgz","sha512-4IlJx0X0qftVsN5E+/vGujTRIFtwuLbNsVUe7TO6zYPDR1O6nFwvwhIKEKSrl6dZchmYBITazxKoUYOjdtjlRg==","https://registry.npmjs.org/@eslint/eslintrc/-/eslintrc-3.3.5.tgz"
"@eslint/js","9.39.4","tarballs/eslint__js-9.39.4.tgz","sha512-nE7DEIchvtiFTwBw4Lfbu59PG+kCofhjsKaCWzxTpt4lfRjRMqG6uMBzKXuEcyXhOHoUp9riAm7/aWYGhXZ9cw==","https://registry.npmjs.org/@eslint/js/-/js-9.39.4.tgz"
"@eslint/object-schema","2.1.7","tarballs/eslint__object-schema-2.1.7.tgz","sha512-VtAOaymWVfZcmZbp6E2mympDIHvyjXs/12LqWYjVw6qjrfF+VK+fyG33kChz3nnK+SU5/NeHOqrTEHS8sXO3OA==","https://registry.npmjs.org/@eslint/object-schema/-/object-schema-2.1.7.tgz"
"@eslint/plugin-kit","0.4.1","tarballs/eslint__plugin-kit-0.4.1.tgz","sha512-43/qtrDUokr7LJqoF2c3+RInu/t4zfrpYdoSDfYyhg52rwLV6TnOvdG4fXm7IkSB3wErkcmJS9iEhjVtOSEjjA==","https://registry.npmjs.org/@eslint/plugin-kit/-/plugin-kit-0.4.1.tgz"
"@humanfs/core","0.19.2","tarballs/humanfs__core-0.19.2.tgz","sha512-UhXNm+CFMWcbChXywFwkmhqjs3PRCmcSa/hfBgLIb7oQ5HNb1wS0icWsGtSAUNgefHeI+eBrA8I1fxmbHsGdvA==","https://registry.npmjs.org/@humanfs/core/-/core-0.19.2.tgz"
"@humanfs/node","0.16.8","tarballs/humanfs__node-0.16.8.tgz","sha512-gE1eQNZ3R++kTzFUpdGlpmy8kDZD/MLyHqDwqjkVQI0JMdI1D51sy1H958PNXYkM2rAac7e5/CnIKZrHtPh3BQ==","https://registry.npmjs.org/@humanfs/node/-/node-0.16.8.tgz"
"@humanfs/types","0.15.0","tarballs/humanfs__types-0.15.0.tgz","sha512-ZZ1w0aoQkwuUuC7Yf+7sdeaNfqQiiLcSRbfI08oAxqLtpXQr9AIVX7Ay7HLDuiLYAaFPu8oBYNq/QIi9URHJ3Q==","https://registry.npmjs.org/@humanfs/types/-/types-0.15.0.tgz"
"@humanwhocodes/module-importer","1.0.1","tarballs/humanwhocodes__module-importer-1.0.1.tgz","sha512-bxveV4V8v5Yb4ncFTT3rPSgZBOpCkjfK0y4oVVVJwIuDVBRMDXrPyXRL988i5ap9m9bnyEEjWfm5WkBmtffLfA==","https://registry.npmjs.org/@humanwhocodes/module-importer/-/module-importer-1.0.1.tgz"
"@humanwhocodes/retry","0.4.3","tarballs/humanwhocodes__retry-0.4.3.tgz","sha512-bV0Tgo9K4hfPCek+aMAn81RppFKv2ySDQeMoSZuvTASywNTnVJCArCZE2FWqpvIatKu7VMRLWlR1EazvVhDyhQ==","https://registry.npmjs.org/@humanwhocodes/retry/-/retry-0.4.3.tgz"
"@img/colour","1.1.0","tarballs/img__colour-1.1.0.tgz","sha512-Td76q7j57o/tLVdgS746cYARfSyxk8iEfRxewL9h4OMzYhbW4TAcppl0mT4eyqXddh6L/jwoM75mo7ixa/pCeQ==","https://registry.npmjs.org/@img/colour/-/colour-1.1.0.tgz"
"@img/sharp-darwin-arm64","0.34.5","tarballs/img__sharp-darwin-arm64-0.34.5.tgz","sha512-imtQ3WMJXbMY4fxb/Ndp6HBTNVtWCUI0WdobyheGf5+ad6xX8VIDO8u2xE4qc/fr08CKG/7dDseFtn6M6g/r3w==","https://registry.npmjs.org/@img/sharp-darwin-arm64/-/sharp-darwin-arm64-0.34.5.tgz"
"@img/sharp-darwin-x64","0.34.5","tarballs/img__sharp-darwin-x64-0.34.5.tgz","sha512-YNEFAF/4KQ/PeW0N+r+aVVsoIY0/qxxikF2SWdp+NRkmMB7y9LBZAVqQ4yhGCm/H3H270OSykqmQMKLBhBJDEw==","https://registry.npmjs.org/@img/sharp-darwin-x64/-/sharp-darwin-x64-0.34.5.tgz"
"@img/sharp-libvips-darwin-arm64","1.2.4","tarballs/img__sharp-libvips-darwin-arm64-1.2.4.tgz","sha512-zqjjo7RatFfFoP0MkQ51jfuFZBnVE2pRiaydKJ1G/rHZvnsrHAOcQALIi9sA5co5xenQdTugCvtb1cuf78Vf4g==","https://registry.npmjs.org/@img/sharp-libvips-darwin-arm64/-/sharp-libvips-darwin-arm64-1.2.4.tgz"
"@img/sharp-libvips-darwin-x64","1.2.4","tarballs/img__sharp-libvips-darwin-x64-1.2.4.tgz","sha512-1IOd5xfVhlGwX+zXv2N93k0yMONvUlANylbJw1eTah8K/Jtpi15KC+WSiaX/nBmbm2HxRM1gZ0nSdjSsrZbGKg==","https://registry.npmjs.org/@img/sharp-libvips-darwin-x64/-/sharp-libvips-darwin-x64-1.2.4.tgz"
"@img/sharp-libvips-linux-arm","1.2.4","tarballs/img__sharp-libvips-linux-arm-1.2.4.tgz","sha512-bFI7xcKFELdiNCVov8e44Ia4u2byA+l3XtsAj+Q8tfCwO6BQ8iDojYdvoPMqsKDkuoOo+X6HZA0s0q11ANMQ8A==","https://registry.npmjs.org/@img/sharp-libvips-linux-arm/-/sharp-libvips-linux-arm-1.2.4.tgz"
"@img/sharp-libvips-linux-arm64","1.2.4","tarballs/img__sharp-libvips-linux-arm64-1.2.4.tgz","sha512-excjX8DfsIcJ10x1Kzr4RcWe1edC9PquDRRPx3YVCvQv+U5p7Yin2s32ftzikXojb1PIFc/9Mt28/y+iRklkrw==","https://registry.npmjs.org/@img/sharp-libvips-linux-arm64/-/sharp-libvips-linux-arm64-1.2.4.tgz"
"@img/sharp-libvips-linux-ppc64","1.2.4","tarballs/img__sharp-libvips-linux-ppc64-1.2.4.tgz","sha512-FMuvGijLDYG6lW+b/UvyilUWu5Ayu+3r2d1S8notiGCIyYU/76eig1UfMmkZ7vwgOrzKzlQbFSuQfgm7GYUPpA==","https://registry.npmjs.org/@img/sharp-libvips-linux-ppc64/-/sharp-libvips-linux-ppc64-1.2.4.tgz"
"@img/sharp-libvips-linux-riscv64","1.2.4","tarballs/img__sharp-libvips-linux-riscv64-1.2.4.tgz","sha512-oVDbcR4zUC0ce82teubSm+x6ETixtKZBh/qbREIOcI3cULzDyb18Sr/Wcyx7NRQeQzOiHTNbZFF1UwPS2scyGA==","https://registry.npmjs.org/@img/sharp-libvips-linux-riscv64/-/sharp-libvips-linux-riscv64-1.2.4.tgz"
"@img/sharp-libvips-linux-s390x","1.2.4","tarballs/img__sharp-libvips-linux-s390x-1.2.4.tgz","sha512-qmp9VrzgPgMoGZyPvrQHqk02uyjA0/QrTO26Tqk6l4ZV0MPWIW6LTkqOIov+J1yEu7MbFQaDpwdwJKhbJvuRxQ==","https://registry.npmjs.org/@img/sharp-libvips-linux-s390x/-/sharp-libvips-linux-s390x-1.2.4.tgz"
"@img/sharp-libvips-linux-x64","1.2.4","tarballs/img__sharp-libvips-linux-x64-1.2.4.tgz","sha512-tJxiiLsmHc9Ax1bz3oaOYBURTXGIRDODBqhveVHonrHJ9/+k89qbLl0bcJns+e4t4rvaNBxaEZsFtSfAdquPrw==","https://registry.npmjs.org/@img/sharp-libvips-linux-x64/-/sharp-libvips-linux-x64-1.2.4.tgz"
"@img/sharp-libvips-linuxmusl-arm64","1.2.4","tarballs/img__sharp-libvips-linuxmusl-arm64-1.2.4.tgz","sha512-FVQHuwx1IIuNow9QAbYUzJ+En8KcVm9Lk5+uGUQJHaZmMECZmOlix9HnH7n1TRkXMS0pGxIJokIVB9SuqZGGXw==","https://registry.npmjs.org/@img/sharp-libvips-linuxmusl-arm64/-/sharp-libvips-linuxmusl-arm64-1.2.4.tgz"
"@img/sharp-libvips-linuxmusl-x64","1.2.4","tarballs/img__sharp-libvips-linuxmusl-x64-1.2.4.tgz","sha512-+LpyBk7L44ZIXwz/VYfglaX/okxezESc6UxDSoyo2Ks6Jxc4Y7sGjpgU9s4PMgqgjj1gZCylTieNamqA1MF7Dg==","https://registry.npmjs.org/@img/sharp-libvips-linuxmusl-x64/-/sharp-libvips-linuxmusl-x64-1.2.4.tgz"
"@img/sharp-linux-arm","0.34.5","tarballs/img__sharp-linux-arm-0.34.5.tgz","sha512-9dLqsvwtg1uuXBGZKsxem9595+ujv0sJ6Vi8wcTANSFpwV/GONat5eCkzQo/1O6zRIkh0m/8+5BjrRr7jDUSZw==","https://registry.npmjs.org/@img/sharp-linux-arm/-/sharp-linux-arm-0.34.5.tgz"
"@img/sharp-linux-arm64","0.34.5","tarballs/img__sharp-linux-arm64-0.34.5.tgz","sha512-bKQzaJRY/bkPOXyKx5EVup7qkaojECG6NLYswgktOZjaXecSAeCWiZwwiFf3/Y+O1HrauiE3FVsGxFg8c24rZg==","https://registry.npmjs.org/@img/sharp-linux-arm64/-/sharp-linux-arm64-0.34.5.tgz"
"@img/sharp-linux-ppc64","0.34.5","tarballs/img__sharp-linux-ppc64-0.34.5.tgz","sha512-7zznwNaqW6YtsfrGGDA6BRkISKAAE1Jo0QdpNYXNMHu2+0dTrPflTLNkpc8l7MUP5M16ZJcUvysVWWrMefZquA==","https://registry.npmjs.org/@img/sharp-linux-ppc64/-/sharp-linux-ppc64-0.34.5.tgz"
"@img/sharp-linux-riscv64","0.34.5","tarballs/img__sharp-linux-riscv64-0.34.5.tgz","sha512-51gJuLPTKa7piYPaVs8GmByo7/U7/7TZOq+cnXJIHZKavIRHAP77e3N2HEl3dgiqdD/w0yUfiJnII77PuDDFdw==","https://registry.npmjs.org/@img/sharp-linux-riscv64/-/sharp-linux-riscv64-0.34.5.tgz"
"@img/sharp-linux-s390x","0.34.5","tarballs/img__sharp-linux-s390x-0.34.5.tgz","sha512-nQtCk0PdKfho3eC5MrbQoigJ2gd1CgddUMkabUj+rBevs8tZ2cULOx46E7oyX+04WGfABgIwmMC0VqieTiR4jg==","https://registry.npmjs.org/@img/sharp-linux-s390x/-/sharp-linux-s390x-0.34.5.tgz"
"@img/sharp-linux-x64","0.34.5","tarballs/img__sharp-linux-x64-0.34.5.tgz","sha512-MEzd8HPKxVxVenwAa+JRPwEC7QFjoPWuS5NZnBt6B3pu7EG2Ge0id1oLHZpPJdn3OQK+BQDiw9zStiHBTJQQQQ==","https://registry.npmjs.org/@img/sharp-linux-x64/-/sharp-linux-x64-0.34.5.tgz"
"@img/sharp-linuxmusl-arm64","0.34.5","tarballs/img__sharp-linuxmusl-arm64-0.34.5.tgz","sha512-fprJR6GtRsMt6Kyfq44IsChVZeGN97gTD331weR1ex1c1rypDEABN6Tm2xa1wE6lYb5DdEnk03NZPqA7Id21yg==","https://registry.npmjs.org/@img/sharp-linuxmusl-arm64/-/sharp-linuxmusl-arm64-0.34.5.tgz"
"@img/sharp-linuxmusl-x64","0.34.5","tarballs/img__sharp-linuxmusl-x64-0.34.5.tgz","sha512-Jg8wNT1MUzIvhBFxViqrEhWDGzqymo3sV7z7ZsaWbZNDLXRJZoRGrjulp60YYtV4wfY8VIKcWidjojlLcWrd8Q==","https://registry.npmjs.org/@img/sharp-linuxmusl-x64/-/sharp-linuxmusl-x64-0.34.5.tgz"
"@img/sharp-wasm32","0.34.5","tarballs/img__sharp-wasm32-0.34.5.tgz","sha512-OdWTEiVkY2PHwqkbBI8frFxQQFekHaSSkUIJkwzclWZe64O1X4UlUjqqqLaPbUpMOQk6FBu/HtlGXNblIs0huw==","https://registry.npmjs.org/@img/sharp-wasm32/-/sharp-wasm32-0.34.5.tgz"
"@img/sharp-win32-arm64","0.34.5","tarballs/img__sharp-win32-arm64-0.34.5.tgz","sha512-WQ3AgWCWYSb2yt+IG8mnC6Jdk9Whs7O0gxphblsLvdhSpSTtmu69ZG1Gkb6NuvxsNACwiPV6cNSZNzt0KPsw7g==","https://registry.npmjs.org/@img/sharp-win32-arm64/-/sharp-win32-arm64-0.34.5.tgz"
"@img/sharp-win32-ia32","0.34.5","tarballs/img__sharp-win32-ia32-0.34.5.tgz","sha512-FV9m/7NmeCmSHDD5j4+4pNI8Cp3aW+JvLoXcTUo0IqyjSfAZJ8dIUmijx1qaJsIiU+Hosw6xM5KijAWRJCSgNg==","https://registry.npmjs.org/@img/sharp-win32-ia32/-/sharp-win32-ia32-0.34.5.tgz"
"@img/sharp-win32-x64","0.34.5","tarballs/img__sharp-win32-x64-0.34.5.tgz","sha512-+29YMsqY2/9eFEiW93eqWnuLcWcufowXewwSNIT6UwZdUUCrM3oFjMWH/Z6/TMmb4hlFenmfAVbpWeup2jryCw==","https://registry.npmjs.org/@img/sharp-win32-x64/-/sharp-win32-x64-0.34.5.tgz"
"@jridgewell/gen-mapping","0.3.13","tarballs/jridgewell__gen-mapping-0.3.13.tgz","sha512-2kkt/7niJ6MgEPxF0bYdQ6etZaA+fQvDcLKckhy1yIQOzaoKjBBjSj63/aLVjYE3qhRt5dvM+uUyfCg6UKCBbA==","https://registry.npmjs.org/@jridgewell/gen-mapping/-/gen-mapping-0.3.13.tgz"
"@jridgewell/remapping","2.3.5","tarballs/jridgewell__remapping-2.3.5.tgz","sha512-LI9u/+laYG4Ds1TDKSJW2YPrIlcVYOwi2fUC6xB43lueCjgxV4lffOCZCtYFiH6TNOX+tQKXx97T4IKHbhyHEQ==","https://registry.npmjs.org/@jridgewell/remapping/-/remapping-2.3.5.tgz"
"@jridgewell/resolve-uri","3.1.2","tarballs/jridgewell__resolve-uri-3.1.2.tgz","sha512-bRISgCIjP20/tbWSPWMEi54QVPRZExkuD9lJL+UIxUKtwVJA8wW1Trb1jMs1RFXo1CBTNZ/5hpC9QvmKWdopKw==","https://registry.npmjs.org/@jridgewell/resolve-uri/-/resolve-uri-3.1.2.tgz"
"@jridgewell/source-map","0.3.11","tarballs/jridgewell__source-map-0.3.11.tgz","sha512-ZMp1V8ZFcPG5dIWnQLr3NSI1MiCU7UETdS/A0G8V/XWHvJv3ZsFqutJn1Y5RPmAPX6F3BiE397OqveU/9NCuIA==","https://registry.npmjs.org/@jridgewell/source-map/-/source-map-0.3.11.tgz"
"@jridgewell/sourcemap-codec","1.5.5","tarballs/jridgewell__sourcemap-codec-1.5.5.tgz","sha512-cYQ9310grqxueWbl+WuIUIaiUaDcj7WOq5fVhEljNVgRfOUhY9fy2zTvfoqWsnebh8Sl70VScFbICvJnLKB0Og==","https://registry.npmjs.org/@jridgewell/sourcemap-codec/-/sourcemap-codec-1.5.5.tgz"
"@jridgewell/trace-mapping","0.3.31","tarballs/jridgewell__trace-mapping-0.3.31.tgz","sha512-zzNR+SdQSDJzc8joaeP8QQoCQr8NuYx2dIIytl1QeBEZHJ9uW6hebsrYgbz8hJwUQao3TWCMtmfV8Nu1twOLAw==","https://registry.npmjs.org/@jridgewell/trace-mapping/-/trace-mapping-0.3.31.tgz"
"@jridgewell/trace-mapping","0.3.9","tarballs/jridgewell__trace-mapping-0.3.9.tgz","sha512-3Belt6tdc8bPgAtbcmdtNJlirVoTmEb5e2gC94PnkwEW9jI6CAHUeoG85tjWP5WquqfavoMtMwiG4P926ZKKuQ==","https://registry.npmjs.org/@jridgewell/trace-mapping/-/trace-mapping-0.3.9.tgz"
"@napi-rs/wasm-runtime","1.1.4","tarballs/napi-rs__wasm-runtime-1.1.4.tgz","sha512-3NQNNgA1YSlJb/kMH1ildASP9HW7/7kYnRI2szWJaofaS1hWmbGI4H+d3+22aGzXXN9IJ+n+GiFVcGipJP18ow==","https://registry.npmjs.org/@napi-rs/wasm-runtime/-/wasm-runtime-1.1.4.tgz"
"@next/env","16.2.6","tarballs/next__env-16.2.6.tgz","sha512-gd8HoHN4ufj73WmR3JmVolrpJR47ILK6LouP5xElPglaVxir6e1a7VzvTvDWkOoPXT9rkkTzyCxBu4yeZfZwcw==","https://registry.npmjs.org/@next/env/-/env-16.2.6.tgz"
"@next/eslint-plugin-next","16.2.6","tarballs/next__eslint-plugin-next-16.2.6.tgz","sha512-Z8l6o4JWKUl755x4R+wogD86KPeU+Ckw4K+SYG4kHeOJtRenDeK+OSbGcqZpDtbwn9DsJVdir2UxmwXuinUbUw==","https://registry.npmjs.org/@next/eslint-plugin-next/-/eslint-plugin-next-16.2.6.tgz"
"@next/swc-darwin-arm64","16.2.6","tarballs/next__swc-darwin-arm64-16.2.6.tgz","sha512-ZJGkkcNfYgrrMkqOdZ7zoLa1TOy0qpcMfk/z4Mh/FKUz40gVO+HNQWqmLxf67Z5WB64DRp0dhEbyHfel+6sJUg==","https://registry.npmjs.org/@next/swc-darwin-arm64/-/swc-darwin-arm64-16.2.6.tgz"
"@next/swc-darwin-x64","16.2.6","tarballs/next__swc-darwin-x64-16.2.6.tgz","sha512-v/YLBHIY132Ced3puBJ7YJKw1lqsCrgcNo2aRJlCEyQrrCeRJlvGlnmxhPxNQI3KE3N1DN5r9TPNPvka3nq5RQ==","https://registry.npmjs.org/@next/swc-darwin-x64/-/swc-darwin-x64-16.2.6.tgz"
"@next/swc-linux-arm64-gnu","16.2.6","tarballs/next__swc-linux-arm64-gnu-16.2.6.tgz","sha512-RPOvqlYBbcQjkz9VQQDZ2T2bARIjXZV1KFlt+V2Mr6SW/e4I9fcKsaA0hdyf2FHoTlsV2xnBd5Y912rP/1Ce6w==","https://registry.npmjs.org/@next/swc-linux-arm64-gnu/-/swc-linux-arm64-gnu-16.2.6.tgz"
"@next/swc-linux-arm64-musl","16.2.6","tarballs/next__swc-linux-arm64-musl-16.2.6.tgz","sha512-URUTu1+dMkxJsPFgm+OeEvq9wf5sujw0EvgYy80TDGHTSLTnIHeqb0Eu8A3sC95IRgjejQL+kC4mw+4yPxiAXA==","https://registry.npmjs.org/@next/swc-linux-arm64-musl/-/swc-linux-arm64-musl-16.2.6.tgz"
"@next/swc-linux-x64-gnu","16.2.6","tarballs/next__swc-linux-x64-gnu-16.2.6.tgz","sha512-DOj182mPV8G3UkrayLoREM5YEYI+Dk5wv7Ox9xl1fFibAELEsFD0lDPfHIeILlutMMfdyhlzYPELG3peuKaurw==","https://registry.npmjs.org/@next/swc-linux-x64-gnu/-/swc-linux-x64-gnu-16.2.6.tgz"
"@next/swc-linux-x64-musl","16.2.6","tarballs/next__swc-linux-x64-musl-16.2.6.tgz","sha512-HKQ5SP/V/ub73UvF7n/zeJlxk2kLmtL7Wzrg4WfmkjmNos5onJ2tKu7yZOPdL18A6Svfn3max29ym+ry7NkK4g==","https://registry.npmjs.org/@next/swc-linux-x64-musl/-/swc-linux-x64-musl-16.2.6.tgz"
"@next/swc-win32-arm64-msvc","16.2.6","tarballs/next__swc-win32-arm64-msvc-16.2.6.tgz","sha512-LZXpTlPyS5v7HhSmnvsLGP3iIYgYOBnc8r8ArlT55sGHV89bR2HlDdBjWQ+PY6SJMmk8TuVGFuxalnP3k/0Dwg==","https://registry.npmjs.org/@next/swc-win32-arm64-msvc/-/swc-win32-arm64-msvc-16.2.6.tgz"
"@next/swc-win32-x64-msvc","16.2.6","tarballs/next__swc-win32-x64-msvc-16.2.6.tgz","sha512-F0+4i0h9J6C4eE3EAPWsoCk7UW/dbzOjyzxY0qnDUOYFu6FFmdZ6l97/XdV3/Nz3VYyO7UWjyEJUXkGqcoXfMA==","https://registry.npmjs.org/@next/swc-win32-x64-msvc/-/swc-win32-x64-msvc-16.2.6.tgz"
"@nodelib/fs.scandir","2.1.5","tarballs/nodelib__fs.scandir-2.1.5.tgz","sha512-vq24Bq3ym5HEQm2NKCr3yXDwjc7vTsEThRDnkp2DK9p1uqLR+DHurm/NOTo0KG7HYHU7eppKZj3MyqYuMBf62g==","https://registry.npmjs.org/@nodelib/fs.scandir/-/fs.scandir-2.1.5.tgz"
"@nodelib/fs.stat","2.0.5","tarballs/nodelib__fs.stat-2.0.5.tgz","sha512-RkhPPp2zrqDAQA/2jNhnztcPAlv64XdhIp7a7454A5ovI7Bukxgt7MX7udwAu3zg1DcpPU0rz3VV1SeaqvY4+A==","https://registry.npmjs.org/@nodelib/fs.stat/-/fs.stat-2.0.5.tgz"
"@nodelib/fs.walk","1.2.8","tarballs/nodelib__fs.walk-1.2.8.tgz","sha512-oGB+UxlgWcgQkgwo8GcEGwemoTFt3FIO9ababBmaGwXIoBKZ+GTy0pP185beGg7Llih/NSHSV2XAs1lnznocSg==","https://registry.npmjs.org/@nodelib/fs.walk/-/fs.walk-1.2.8.tgz"
"@nolyfill/is-core-module","1.0.39","tarballs/nolyfill__is-core-module-1.0.39.tgz","sha512-nn5ozdjYQpUCZlWGuxcJY/KpxkWQs4DcbMCmKojjyrYDEAGy4Ce19NN4v5MduafTwJlbKc99UA8YhSVqq9yPZA==","https://registry.npmjs.org/@nolyfill/is-core-module/-/is-core-module-1.0.39.tgz"
"@oxc-project/types","0.130.0","tarballs/oxc-project__types-0.130.0.tgz","sha512-ibD2usx9JRu7f5pu2tMKMI4cpA4NgXJQoYRP4pQ7Pxmn1l6k/53qWtQWZayhYy3X4QZkt90Ot+mJEaeXouio6Q==","https://registry.npmjs.org/@oxc-project/types/-/types-0.130.0.tgz"
"@poppinss/colors","4.1.6","tarballs/poppinss__colors-4.1.6.tgz","sha512-H9xkIdFswbS8n1d6vmRd8+c10t2Qe+rZITbbDHHkQixH5+2x1FDGmi/0K+WgWiqQFKPSlIYB7jlH6Kpfn6Fleg==","https://registry.npmjs.org/@poppinss/colors/-/colors-4.1.6.tgz"
"@poppinss/dumper","0.6.5","tarballs/poppinss__dumper-0.6.5.tgz","sha512-NBdYIb90J7LfOI32dOewKI1r7wnkiH6m920puQ3qHUeZkxNkQiFnXVWoE6YtFSv6QOiPPf7ys6i+HWWecDz7sw==","https://registry.npmjs.org/@poppinss/dumper/-/dumper-0.6.5.tgz"
"@poppinss/exception","1.2.3","tarballs/poppinss__exception-1.2.3.tgz","sha512-dCED+QRChTVatE9ibtoaxc+WkdzOSjYTKi/+uacHWIsfodVfpsueo3+DKpgU5Px8qXjgmXkSvhXvSCz3fnP9lw==","https://registry.npmjs.org/@poppinss/exception/-/exception-1.2.3.tgz"
"@resvg/resvg-wasm","2.4.0","tarballs/resvg__resvg-wasm-2.4.0.tgz","sha512-C7c51Nn4yTxXFKvgh2txJFNweaVcfUPQxwEUFw4aWsCmfiBDJsTSwviIF8EcwjQ6k8bPyMWCl1vw4BdxE569Cg==","https://registry.npmjs.org/@resvg/resvg-wasm/-/resvg-wasm-2.4.0.tgz"
"@rolldown/binding-android-arm64","1.0.1","tarballs/rolldown__binding-android-arm64-1.0.1.tgz","sha512-fJI3I0r3C3Oj/zdBCpaCmBRZYf07xpaq4yCfDDoSFm+beWNzbIl26puW8RraUdugoJw/95zerNOn6jasAhzSmg==","https://registry.npmjs.org/@rolldown/binding-android-arm64/-/binding-android-arm64-1.0.1.tgz"
"@rolldown/binding-darwin-arm64","1.0.1","tarballs/rolldown__binding-darwin-arm64-1.0.1.tgz","sha512-cKnAhWEsV7TPcA/5EAteDp6KcJZBQ2G+BqE7zayMMi7kMvwRsbv7WT9aOnn0WNl4SKEIf43vjS31iUPu80nzXg==","https://registry.npmjs.org/@rolldown/binding-darwin-arm64/-/binding-darwin-arm64-1.0.1.tgz"
"@rolldown/binding-darwin-x64","1.0.1","tarballs/rolldown__binding-darwin-x64-1.0.1.tgz","sha512-YKrVwQjIRBPo+5G/u03wGjbdy4q7pyzCe93DK9VJ7zkVmeg8LJ7GbgsiHWdR4xSoe4CAXRD7Bcjgbtr64bkXNg==","https://registry.npmjs.org/@rolldown/binding-darwin-x64/-/binding-darwin-x64-1.0.1.tgz"
"@rolldown/binding-freebsd-x64","1.0.1","tarballs/rolldown__binding-freebsd-x64-1.0.1.tgz","sha512-z/oBsREo46SsFqBwYtFe0kpJeBijAT48O/WXLI4suiCLBkr03RTtTJMCzSdDd2znlh8VJizL09XVkQgk8IZonw==","https://registry.npmjs.org/@rolldown/binding-freebsd-x64/-/binding-freebsd-x64-1.0.1.tgz"
"@rolldown/binding-linux-arm-gnueabihf","1.0.1","tarballs/rolldown__binding-linux-arm-gnueabihf-1.0.1.tgz","sha512-ik8q7GM11zxvYxFc2PeDcT6TBvhCQMaUxfph/M5l9sKuTs/Sjg3L+Byw0F7w0ZVLBZmx30P+gG0ECzzN+MFcmQ==","https://registry.npmjs.org/@rolldown/binding-linux-arm-gnueabihf/-/binding-linux-arm-gnueabihf-1.0.1.tgz"
"@rolldown/binding-linux-arm64-gnu","1.0.1","tarballs/rolldown__binding-linux-arm64-gnu-1.0.1.tgz","sha512-QoSx2EkyrrdZ6kcyE8stqZ62t0Yra8Fs5ia9lOxJrh6TMQJK7gQKmscdTHf7pOXKREKrVwOtJcQG3qVSfc866A==","https://registry.npmjs.org/@rolldown/binding-linux-arm64-gnu/-/binding-linux-arm64-gnu-1.0.1.tgz"
"@rolldown/binding-linux-arm64-musl","1.0.1","tarballs/rolldown__binding-linux-arm64-musl-1.0.1.tgz","sha512-uwNwFpwKeNiZawfAWBgg0VIztPTV3ihhh1vV334h9ivnNLorxnQMU6Fz8wG1Zb4Qh9LC1/MkcyT3YlDXG3Rsgg==","https://registry.npmjs.org/@rolldown/binding-linux-arm64-musl/-/binding-linux-arm64-musl-1.0.1.tgz"
"@rolldown/binding-linux-ppc64-gnu","1.0.1","tarballs/rolldown__binding-linux-ppc64-gnu-1.0.1.tgz","sha512-zY1bul7OWr7DFBiJ++wofXvnr8B45ce3QsQUhKrIhXsygAh7bTkwyeM1bi1a2g5C/yC/N8TZyGDEoMfm/l9mpg==","https://registry.npmjs.org/@rolldown/binding-linux-ppc64-gnu/-/binding-linux-ppc64-gnu-1.0.1.tgz"
"@rolldown/binding-linux-s390x-gnu","1.0.1","tarballs/rolldown__binding-linux-s390x-gnu-1.0.1.tgz","sha512-0frlsT/f4Ft6I7SMESTKnF3cZsdicQn1dCMkF/jT9wDLE+gGoiQfv1nmT9e+s7s/fekvvy6tZM2jHvI2tkbJDQ==","https://registry.npmjs.org/@rolldown/binding-linux-s390x-gnu/-/binding-linux-s390x-gnu-1.0.1.tgz"
"@rolldown/binding-linux-x64-gnu","1.0.1","tarballs/rolldown__binding-linux-x64-gnu-1.0.1.tgz","sha512-XABVmGp9Tg0WspTVvwduTc4fpqy6JnAUrSQe6OuyqD/03nI7r0O9OWUkMIwFrjKAIqolvqoA4ZrJppgwE0Gxmw==","https://registry.npmjs.org/@rolldown/binding-linux-x64-gnu/-/binding-linux-x64-gnu-1.0.1.tgz"
"@rolldown/binding-linux-x64-musl","1.0.1","tarballs/rolldown__binding-linux-x64-musl-1.0.1.tgz","sha512-bV4fzswuzVcKD90o/VM6QqKxnxlDq0g2BISDLNVmxrnhpv1DDbyPhCIjYfvzYLV+MvkKKnQt2Q6AO86SEBULUQ==","https://registry.npmjs.org/@rolldown/binding-linux-x64-musl/-/binding-linux-x64-musl-1.0.1.tgz"
"@rolldown/binding-openharmony-arm64","1.0.1","tarballs/rolldown__binding-openharmony-arm64-1.0.1.tgz","sha512-/Mh0Zhq3OP7fVs0kcQHZP6lZEthMGTaSf8UBQYSFEZDWGXXlEC+nJ6EqenaK2t4LBXMe3A+K/G2BVXXdtOr4PQ==","https://registry.npmjs.org/@rolldown/binding-openharmony-arm64/-/binding-openharmony-arm64-1.0.1.tgz"
"@rolldown/binding-wasm32-wasi","1.0.1","tarballs/rolldown__binding-wasm32-wasi-1.0.1.tgz","sha512-+1xc9X45l8ufsBAm6Gjvx2qDRIY9lTVt0cgWNcJ+1gdhXvkbxePA60yRTwSTuXL09CMhyJmjpV7E3NoyxbqFQQ==","https://registry.npmjs.org/@rolldown/binding-wasm32-wasi/-/binding-wasm32-wasi-1.0.1.tgz"
"@rolldown/binding-win32-arm64-msvc","1.0.1","tarballs/rolldown__binding-win32-arm64-msvc-1.0.1.tgz","sha512-1D+UqZdfnuR+Jy1GgMJwi85bD40H21uNmOPRWQhw4oRSuolZ/B5rixZ45DK2KXOTCvmVCecauWgEhbw8bI7tOw==","https://registry.npmjs.org/@rolldown/binding-win32-arm64-msvc/-/binding-win32-arm64-msvc-1.0.1.tgz"
"@rolldown/binding-win32-x64-msvc","1.0.1","tarballs/rolldown__binding-win32-x64-msvc-1.0.1.tgz","sha512-INAycaWuhlOK3wk4mRHGsdgwYWmd9cChdPdE9bwWmy6rn9VqVNYNFGhOdXrofXUxwHIncSiPNb8tNm8knDVIeQ==","https://registry.npmjs.org/@rolldown/binding-win32-x64-msvc/-/binding-win32-x64-msvc-1.0.1.tgz"
"@rolldown/pluginutils","1.0.0-rc.18","tarballs/rolldown__pluginutils-1.0.0-rc.18.tgz","sha512-CUY5Mnhe64xQBGZEEXQ5WyZwsc1JU3vAZLIxtrsBt3LO6UOb+C8GunVKqe9sT8NeWb4lqSaoJtp2xo6GxT1MNw==","https://registry.npmjs.org/@rolldown/pluginutils/-/pluginutils-1.0.0-rc.18.tgz"
"@rolldown/pluginutils","1.0.1","tarballs/rolldown__pluginutils-1.0.1.tgz","sha512-2j9bGt5Jh8hj+vPtgzPtl72j0yRxHAyumoo6TNfAjsLB04UtpSvPbPcDcBMxz7n+9CYB0c1GxQFxYRg2jimqGw==","https://registry.npmjs.org/@rolldown/pluginutils/-/pluginutils-1.0.1.tgz"
"@rtsao/scc","1.1.0","tarballs/rtsao__scc-1.1.0.tgz","sha512-zt6OdqaDoOnJ1ZYsCYGt9YmWzDXl4vQdKTyJev62gFhRGKdx7mcT54V9KIjg+d2wi9EXsPvAPKe7i7WjfVWB8g==","https://registry.npmjs.org/@rtsao/scc/-/scc-1.1.0.tgz"
"@shuding/opentype.js","1.4.0-beta.0","tarballs/shuding__opentype.js-1.4.0-beta.0.tgz","sha512-3NgmNyH3l/Hv6EvsWJbsvpcpUba6R8IREQ83nH83cyakCw7uM1arZKNfHwv1Wz6jgqrF/j4x5ELvR6PnK9nTcA==","https://registry.npmjs.org/@shuding/opentype.js/-/opentype.js-1.4.0-beta.0.tgz"
"@sindresorhus/is","7.2.0","tarballs/sindresorhus__is-7.2.0.tgz","sha512-P1Cz1dWaFfR4IR+U13mqqiGsLFf1KbayybWwdd2vfctdV6hDpUkgCY0nKOLLTMSoRd/jJNjtbqzf13K8DCCXQw==","https://registry.npmjs.org/@sindresorhus/is/-/is-7.2.0.tgz"
"@speed-highlight/core","1.2.15","tarballs/speed-highlight__core-1.2.15.tgz","sha512-BMq1K3DsElxDWawkX6eLg9+CKJrTVGCBAWVuHXVUV2u0s2711qiChLSId6ikYPfxhdYocLNt3wWwSvDiTvFabw==","https://registry.npmjs.org/@speed-highlight/core/-/core-1.2.15.tgz"
"@swc/helpers","0.5.15","tarballs/swc__helpers-0.5.15.tgz","sha512-JQ5TuMi45Owi4/BIMAJBoSQoOJu12oOk/gADqlcUL9JEdHB8vyjUSsxqeNXnmXHjYKMi2WcYtezGEEhqUI/E2g==","https://registry.npmjs.org/@swc/helpers/-/helpers-0.5.15.tgz"
"@tailwindcss/node","4.2.1","tarballs/tailwindcss__node-4.2.1.tgz","sha512-jlx6sLk4EOwO6hHe1oCGm1Q4AN/s0rSrTTPBGPM0/RQ6Uylwq17FuU8IeJJKEjtc6K6O07zsvP+gDO6MMWo7pg==","https://registry.npmjs.org/@tailwindcss/node/-/node-4.2.1.tgz"
"@tailwindcss/oxide-android-arm64","4.2.1","tarballs/tailwindcss__oxide-android-arm64-4.2.1.tgz","sha512-eZ7G1Zm5EC8OOKaesIKuw77jw++QJ2lL9N+dDpdQiAB/c/B2wDh0QPFHbkBVrXnwNugvrbJFk1gK2SsVjwWReg==","https://registry.npmjs.org/@tailwindcss/oxide-android-arm64/-/oxide-android-arm64-4.2.1.tgz"
"@tailwindcss/oxide-darwin-arm64","4.2.1","tarballs/tailwindcss__oxide-darwin-arm64-4.2.1.tgz","sha512-q/LHkOstoJ7pI1J0q6djesLzRvQSIfEto148ppAd+BVQK0JYjQIFSK3JgYZJa+Yzi0DDa52ZsQx2rqytBnf8Hw==","https://registry.npmjs.org/@tailwindcss/oxide-darwin-arm64/-/oxide-darwin-arm64-4.2.1.tgz"
"@tailwindcss/oxide-darwin-x64","4.2.1","tarballs/tailwindcss__oxide-darwin-x64-4.2.1.tgz","sha512-/f/ozlaXGY6QLbpvd/kFTro2l18f7dHKpB+ieXz+Cijl4Mt9AI2rTrpq7V+t04nK+j9XBQHnSMdeQRhbGyt6fw==","https://registry.npmjs.org/@tailwindcss/oxide-darwin-x64/-/oxide-darwin-x64-4.2.1.tgz"
"@tailwindcss/oxide-freebsd-x64","4.2.1","tarballs/tailwindcss__oxide-freebsd-x64-4.2.1.tgz","sha512-5e/AkgYJT/cpbkys/OU2Ei2jdETCLlifwm7ogMC7/hksI2fC3iiq6OcXwjibcIjPung0kRtR3TxEITkqgn0TcA==","https://registry.npmjs.org/@tailwindcss/oxide-freebsd-x64/-/oxide-freebsd-x64-4.2.1.tgz"
"@tailwindcss/oxide-linux-arm-gnueabihf","4.2.1","tarballs/tailwindcss__oxide-linux-arm-gnueabihf-4.2.1.tgz","sha512-Uny1EcVTTmerCKt/1ZuKTkb0x8ZaiuYucg2/kImO5A5Y/kBz41/+j0gxUZl+hTF3xkWpDmHX+TaWhOtba2Fyuw==","https://registry.npmjs.org/@tailwindcss/oxide-linux-arm-gnueabihf/-/oxide-linux-arm-gnueabihf-4.2.1.tgz"
"@tailwindcss/oxide-linux-arm64-gnu","4.2.1","tarballs/tailwindcss__oxide-linux-arm64-gnu-4.2.1.tgz","sha512-CTrwomI+c7n6aSSQlsPL0roRiNMDQ/YzMD9EjcR+H4f0I1SQ8QqIuPnsVp7QgMkC1Qi8rtkekLkOFjo7OlEFRQ==","https://registry.npmjs.org/@tailwindcss/oxide-linux-arm64-gnu/-/oxide-linux-arm64-gnu-4.2.1.tgz"
"@tailwindcss/oxide-linux-arm64-musl","4.2.1","tarballs/tailwindcss__oxide-linux-arm64-musl-4.2.1.tgz","sha512-WZA0CHRL/SP1TRbA5mp9htsppSEkWuQ4KsSUumYQnyl8ZdT39ntwqmz4IUHGN6p4XdSlYfJwM4rRzZLShHsGAQ==","https://registry.npmjs.org/@tailwindcss/oxide-linux-arm64-musl/-/oxide-linux-arm64-musl-4.2.1.tgz"
"@tailwindcss/oxide-linux-x64-gnu","4.2.1","tarballs/tailwindcss__oxide-linux-x64-gnu-4.2.1.tgz","sha512-qMFzxI2YlBOLW5PhblzuSWlWfwLHaneBE0xHzLrBgNtqN6mWfs+qYbhryGSXQjFYB1Dzf5w+LN5qbUTPhW7Y5g==","https://registry.npmjs.org/@tailwindcss/oxide-linux-x64-gnu/-/oxide-linux-x64-gnu-4.2.1.tgz"
"@tailwindcss/oxide-linux-x64-musl","4.2.1","tarballs/tailwindcss__oxide-linux-x64-musl-4.2.1.tgz","sha512-5r1X2FKnCMUPlXTWRYpHdPYUY6a1Ar/t7P24OuiEdEOmms5lyqjDRvVY1yy9Rmioh+AunQ0rWiOTPE8F9A3v5g==","https://registry.npmjs.org/@tailwindcss/oxide-linux-x64-musl/-/oxide-linux-x64-musl-4.2.1.tgz"
"@tailwindcss/oxide-wasm32-wasi","4.2.1","tarballs/tailwindcss__oxide-wasm32-wasi-4.2.1.tgz","sha512-MGFB5cVPvshR85MTJkEvqDUnuNoysrsRxd6vnk1Lf2tbiqNlXpHYZqkqOQalydienEWOHHFyyuTSYRsLfxFJ2Q==","https://registry.npmjs.org/@tailwindcss/oxide-wasm32-wasi/-/oxide-wasm32-wasi-4.2.1.tgz"
"@tailwindcss/oxide-win32-arm64-msvc","4.2.1","tarballs/tailwindcss__oxide-win32-arm64-msvc-4.2.1.tgz","sha512-YlUEHRHBGnCMh4Nj4GnqQyBtsshUPdiNroZj8VPkvTZSoHsilRCwXcVKnG9kyi0ZFAS/3u+qKHBdDc81SADTRA==","https://registry.npmjs.org/@tailwindcss/oxide-win32-arm64-msvc/-/oxide-win32-arm64-msvc-4.2.1.tgz"
"@tailwindcss/oxide-win32-x64-msvc","4.2.1","tarballs/tailwindcss__oxide-win32-x64-msvc-4.2.1.tgz","sha512-rbO34G5sMWWyrN/idLeVxAZgAKWrn5LiR3/I90Q9MkA67s6T1oB0xtTe+0heoBvHSpbU9Mk7i6uwJnpo4u21XQ==","https://registry.npmjs.org/@tailwindcss/oxide-win32-x64-msvc/-/oxide-win32-x64-msvc-4.2.1.tgz"
"@tailwindcss/oxide","4.2.1","tarballs/tailwindcss__oxide-4.2.1.tgz","sha512-yv9jeEFWnjKCI6/T3Oq50yQEOqmpmpfzG1hcZsAOaXFQPfzWprWrlHSdGPEF3WQTi8zu8ohC9Mh9J470nT5pUw==","https://registry.npmjs.org/@tailwindcss/oxide/-/oxide-4.2.1.tgz"
"@tailwindcss/postcss","4.2.1","tarballs/tailwindcss__postcss-4.2.1.tgz","sha512-OEwGIBnXnj7zJeonOh6ZG9woofIjGrd2BORfvE5p9USYKDCZoQmfqLcfNiRWoJlRWLdNPn2IgVZuWAOM4iTYMw==","https://registry.npmjs.org/@tailwindcss/postcss/-/postcss-4.2.1.tgz"
"@tybys/wasm-util","0.10.2","tarballs/tybys__wasm-util-0.10.2.tgz","sha512-RoBvJ2X0wuKlWFIjrwffGw1IqZHKQqzIchKaadZZfnNpsAYp2mM0h36JtPCjNDAHGgYez/15uMBpfGwchhiMgg==","https://registry.npmjs.org/@tybys/wasm-util/-/wasm-util-0.10.2.tgz"
"@types/estree","1.0.9","tarballs/types__estree-1.0.9.tgz","sha512-GhdPgy1el4/ImP05X05Uw4cw2/M93BCUmnEvWZNStlCzEKME4Fkk+YpoA5OiHNQmoS7Cafb8Xa3Pya8m1Qrzeg==","https://registry.npmjs.org/@types/estree/-/estree-1.0.9.tgz"
"@types/json-schema","7.0.15","tarballs/types__json-schema-7.0.15.tgz","sha512-5+fP8P8MFNC+AyZCDxrB2pkZFPGzqQWUzpSeuuVLvm8VMcorNYavBqoFcxK8bQz4Qsbn4oUEEem4wDLfcysGHA==","https://registry.npmjs.org/@types/json-schema/-/json-schema-7.0.15.tgz"
"@types/json5","0.0.29","tarballs/types__json5-0.0.29.tgz","sha512-dRLjCWHYg4oaA77cxO64oO+7JwCwnIzkZPdrrC71jQmQtlhM556pwKo5bUzqvZndkVbeFLIIi+9TC40JNF5hNQ==","https://registry.npmjs.org/@types/json5/-/json5-0.0.29.tgz"
"@types/node","22.19.19","tarballs/types__node-22.19.19.tgz","sha512-dyh/xO2Fh5bYrfWaaqGrRQQGkNdmYw6AmaAUvYeUMNTWQtvb796ikLdmTchRmOlOiIJ1TDXfWgVx1QkUlQ6Hew==","https://registry.npmjs.org/@types/node/-/node-22.19.19.tgz"
"@types/react-dom","19.2.3","tarballs/types__react-dom-19.2.3.tgz","sha512-jp2L/eY6fn+KgVVQAOqYItbF0VY/YApe5Mz2F0aykSO8gx31bYCZyvSeYxCHKvzHG5eZjc+zyaS5BrBWya2+kQ==","https://registry.npmjs.org/@types/react-dom/-/react-dom-19.2.3.tgz"
"@types/react","19.2.14","tarballs/types__react-19.2.14.tgz","sha512-ilcTH/UniCkMdtexkoCN0bI7pMcJDvmQFPvuPvmEaYA/NSfFTAgdUSLAoVjaRJm7+6PvcM+q1zYOwS4wTYMF9w==","https://registry.npmjs.org/@types/react/-/react-19.2.14.tgz"
"@typescript-eslint/eslint-plugin","8.60.1","tarballs/typescript-eslint__eslint-plugin-8.60.1.tgz","sha512-JQ4S5GB0tfjO8BuJ4fcX+HodkzJjYBV+7OJ+wLygaX7OGQ7FudyHL4NSCA6ob+w3Yn+5MkKIozOwQhXeM7opVg==","https://registry.npmjs.org/@typescript-eslint/eslint-plugin/-/eslint-plugin-8.60.1.tgz"
"@typescript-eslint/parser","8.60.1","tarballs/typescript-eslint__parser-8.60.1.tgz","sha512-A0M6ua6H252bVjPvvtSgl2QA4+ET9S5Mtkb2GDyTxIhH/C4qDItT7RQNO5PhMC6NXGYXOR9dIalcDDgBKT7oFA==","https://registry.npmjs.org/@typescript-eslint/parser/-/parser-8.60.1.tgz"
"@typescript-eslint/project-service","8.60.1","tarballs/typescript-eslint__project-service-8.60.1.tgz","sha512-eXkTH2bxmXlqD1RnOPmLZ9ZM9D3VwSx04JOwBnP9RQ+yUA5a2Mu7SfW8uaV2Aon53NJzZlZYuX7tn91Izf+xaw==","https://registry.npmjs.org/@typescript-eslint/project-service/-/project-service-8.60.1.tgz"
"@typescript-eslint/scope-manager","8.60.1","tarballs/typescript-eslint__scope-manager-8.60.1.tgz","sha512-gvI5OQoptnxQnchOirukCuQ55svJSTuD/4k5+pC267xyBtYry748R9/c3tYUzb/iE6RZfllRz2lVulLCHkTm4w==","https://registry.npmjs.org/@typescript-eslint/scope-manager/-/scope-manager-8.60.1.tgz"
"@typescript-eslint/tsconfig-utils","8.60.1","tarballs/typescript-eslint__tsconfig-utils-8.60.1.tgz","sha512-nh8w4qAteiKuZu3pSSzG/yGKpw0OlkrKnzFmbVRenKaD4qc+7i1GrmZaLVkr8rk4uipiPGMOW4YsM6WmKZ5CvA==","https://registry.npmjs.org/@typescript-eslint/tsconfig-utils/-/tsconfig-utils-8.60.1.tgz"
"@typescript-eslint/type-utils","8.60.1","tarballs/typescript-eslint__type-utils-8.60.1.tgz","sha512-sdwTrpjosW7ANQYJ39ZBF1ZyEMEGVB2UsikrserVM/30a/F1dTLnu9bGxEdosugyu5caigjLrR2qiD11asjI1A==","https://registry.npmjs.org/@typescript-eslint/type-utils/-/type-utils-8.60.1.tgz"
"@typescript-eslint/types","8.60.1","tarballs/typescript-eslint__types-8.60.1.tgz","sha512-4h0tY8ppCkdCzcrl2YM5M3my0xsE1Tf8om3owEu5oPWmXwkKRmk0j0LGDzYBGUcAlesEbxBhazqu/K4cu3Ug7w==","https://registry.npmjs.org/@typescript-eslint/types/-/types-8.60.1.tgz"
"@typescript-eslint/typescript-estree","8.60.1","tarballs/typescript-eslint__typescript-estree-8.60.1.tgz","sha512-alpRkfG8hlVE5kdJW2GkfgDgXxold3e8e4l6EnmhRmRLbekgAPCCGDVD++sABy9FcgPFroq+uFcCSM1vR57Cew==","https://registry.npmjs.org/@typescript-eslint/typescript-estree/-/typescript-estree-8.60.1.tgz"
"@typescript-eslint/utils","8.60.1","tarballs/typescript-eslint__utils-8.60.1.tgz","sha512-h2MPBLoNtjc3qZWfY3Tl51yPorQ2McHn8pJfcMNTcIvrrZrr90Ykffit0yjrPFWQcRcUxzH20+6OcVdW4yHtUg==","https://registry.npmjs.org/@typescript-eslint/utils/-/utils-8.60.1.tgz"
"@typescript-eslint/visitor-keys","8.60.1","tarballs/typescript-eslint__visitor-keys-8.60.1.tgz","sha512-EbGRQg4FhrmwLodl+t3JNAnXHWVr9Vp+Zl1QBZVPY4ByfkzIT8cX3K6QWODHtkIZqqJVEWvhHSx3v5PDHsaQag==","https://registry.npmjs.org/@typescript-eslint/visitor-keys/-/visitor-keys-8.60.1.tgz"
"@unpic/core","1.0.3","tarballs/unpic__core-1.0.3.tgz","sha512-aum9YNVUGso7MjGLD0Rp/08kywCGLqZ03/q6VQBFFakDBOXWEc8D4kPGcZ8v5wEnGRex3lE+++bOuucBp3KJ/w==","https://registry.npmjs.org/@unpic/core/-/core-1.0.3.tgz"
"@unpic/react","1.0.2","tarballs/unpic__react-1.0.2.tgz","sha512-5RmRfELwTF8w+4zjtQGqjpvX+RU2VLvis3xDCS1O2uWk0PZN2cvatL+3/KAR3mshAuRrkFGTX1XwyAezSXaoCA==","https://registry.npmjs.org/@unpic/react/-/react-1.0.2.tgz"
"@unrs/resolver-binding-android-arm-eabi","1.12.2","tarballs/unrs__resolver-binding-android-arm-eabi-1.12.2.tgz","sha512-g5T90pqg1bo/7mytQx6F4iBNC0Wsh9cu+z9veDbFjc7HjpesJFWD7QMS0NGStXM075+7dJPPVvBbpZlnrdpi/w==","https://registry.npmjs.org/@unrs/resolver-binding-android-arm-eabi/-/resolver-binding-android-arm-eabi-1.12.2.tgz"
"@unrs/resolver-binding-android-arm64","1.12.2","tarballs/unrs__resolver-binding-android-arm64-1.12.2.tgz","sha512-YGCRZv/9GLhwmz6mYDeTsm/92BAyR28l6c2ReweVW5pWgfsitWLY8upvfRlGdoyD8HjeTHSYJWyZGD4KJA/nFQ==","https://registry.npmjs.org/@unrs/resolver-binding-android-arm64/-/resolver-binding-android-arm64-1.12.2.tgz"
"@unrs/resolver-binding-darwin-arm64","1.12.2","tarballs/unrs__resolver-binding-darwin-arm64-1.12.2.tgz","sha512-u9DiNT1auQMO20A9SyTuG3wUgQWB9Z7KjAg0uFuCDR1FsAY8A0CG2S6JpHS1xwm/w1G08bjXZDcyOCjv1WAm2w==","https://registry.npmjs.org/@unrs/resolver-binding-darwin-arm64/-/resolver-binding-darwin-arm64-1.12.2.tgz"
"@unrs/resolver-binding-darwin-x64","1.12.2","tarballs/unrs__resolver-binding-darwin-x64-1.12.2.tgz","sha512-f7rPLi/T1HVKZu/u6t87lroib16n8vrSzcyxI7lg4BGO9UF26KhQL44sd9eOUgrTYhvRXtWOIZT5PejdPyJfUA==","https://registry.npmjs.org/@unrs/resolver-binding-darwin-x64/-/resolver-binding-darwin-x64-1.12.2.tgz"
"@unrs/resolver-binding-freebsd-x64","1.12.2","tarballs/unrs__resolver-binding-freebsd-x64-1.12.2.tgz","sha512-BpcOjWCJub6nRZUS2zA20pmLvjtqAtGejETaIyRLiZiQf++cbrjltLA5NN/xaXfqeOBOSlMFbemIl5/S5tljmg==","https://registry.npmjs.org/@unrs/resolver-binding-freebsd-x64/-/resolver-binding-freebsd-x64-1.12.2.tgz"
"@unrs/resolver-binding-linux-arm-gnueabihf","1.12.2","tarballs/unrs__resolver-binding-linux-arm-gnueabihf-1.12.2.tgz","sha512-vZTDvdSISZjJx66OzJqtsOhzifbqRjbmI1Mnu49fQDwog5GtDI4QidRiEAYbZCRj9C8YZEW+3ZjqsyS9GR4k2A==","https://registry.npmjs.org/@unrs/resolver-binding-linux-arm-gnueabihf/-/resolver-binding-linux-arm-gnueabihf-1.12.2.tgz"
"@unrs/resolver-binding-linux-arm-musleabihf","1.12.2","tarballs/unrs__resolver-binding-linux-arm-musleabihf-1.12.2.tgz","sha512-BiPI+IrIlwcW4nLLMM21+B1dFPzd55yAVgVGrdgDjNef+ch03GdxrcyaIz8X9SsQirh/kCQ7mviyWlMxdh2D7g==","https://registry.npmjs.org/@unrs/resolver-binding-linux-arm-musleabihf/-/resolver-binding-linux-arm-musleabihf-1.12.2.tgz"
"@unrs/resolver-binding-linux-arm64-gnu","1.12.2","tarballs/unrs__resolver-binding-linux-arm64-gnu-1.12.2.tgz","sha512-zJc0H99FEPoFfSrNpa91HYfxzfAJCr502oxNK1cfdC9hlaFI43RT+JFCann9JUgZmLzzntChHyn13Sgn9ljHNg==","https://registry.npmjs.org/@unrs/resolver-binding-linux-arm64-gnu/-/resolver-binding-linux-arm64-gnu-1.12.2.tgz"
"@unrs/resolver-binding-linux-arm64-musl","1.12.2","tarballs/unrs__resolver-binding-linux-arm64-musl-1.12.2.tgz","sha512-KQ3Lki6l+Pz1k/eBipN41ES+YUK30beLGb9YqcB1O542cyLCNE6GaxrfcY3T6EezmGGk84wb5XyO9loTM9tkcA==","https://registry.npmjs.org/@unrs/resolver-binding-linux-arm64-musl/-/resolver-binding-linux-arm64-musl-1.12.2.tgz"
"@unrs/resolver-binding-linux-loong64-gnu","1.12.2","tarballs/unrs__resolver-binding-linux-loong64-gnu-1.12.2.tgz","sha512-3SJGEh1DborhG6pyxvhPzCT4bbSIVihsvgJc13P1bHG7KLdNDaF9T3gsTwFc7Jw/5Y5/iWOjkEx7Zy0NvCGX3Q==","https://registry.npmjs.org/@unrs/resolver-binding-linux-loong64-gnu/-/resolver-binding-linux-loong64-gnu-1.12.2.tgz"
"@unrs/resolver-binding-linux-loong64-musl","1.12.2","tarballs/unrs__resolver-binding-linux-loong64-musl-1.12.2.tgz","sha512-jiuG/Obbel7uw1PwHNFfrkiKhLAF6mnyZ6aWlOAVN9WqKm8v0OFGnciJIHu8+CMvXLQ8AD51LPzAoUfT21D5Ew==","https://registry.npmjs.org/@unrs/resolver-binding-linux-loong64-musl/-/resolver-binding-linux-loong64-musl-1.12.2.tgz"
"@unrs/resolver-binding-linux-ppc64-gnu","1.12.2","tarballs/unrs__resolver-binding-linux-ppc64-gnu-1.12.2.tgz","sha512-q7xRvVpmcfeL+LlZg8Pbbo6QaTZwDU5BaGZbwfhkEsXJn3Was8xYfE0RBH266xZt0rM6B7i8xAYIvjthuUIWHg==","https://registry.npmjs.org/@unrs/resolver-binding-linux-ppc64-gnu/-/resolver-binding-linux-ppc64-gnu-1.12.2.tgz"
"@unrs/resolver-binding-linux-riscv64-gnu","1.12.2","tarballs/unrs__resolver-binding-linux-riscv64-gnu-1.12.2.tgz","sha512-0CVdx6lcnT3Q9inOH8tsMIOJ6ImndllMjqJHg8RLVdB7Vq4SfkEXl9mCSsVNuNA4MCYycRicCUxPCabVHJRr6A==","https://registry.npmjs.org/@unrs/resolver-binding-linux-riscv64-gnu/-/resolver-binding-linux-riscv64-gnu-1.12.2.tgz"
"@unrs/resolver-binding-linux-riscv64-musl","1.12.2","tarballs/unrs__resolver-binding-linux-riscv64-musl-1.12.2.tgz","sha512-iOwlRo9vnp6R6ohHQS11n0NnfdXx/omhkocmIfaPRpQhKZ+3BDMkkdRVh53qjkFkpPddf+FETA28NwGN7l5l+w==","https://registry.npmjs.org/@unrs/resolver-binding-linux-riscv64-musl/-/resolver-binding-linux-riscv64-musl-1.12.2.tgz"
"@unrs/resolver-binding-linux-s390x-gnu","1.12.2","tarballs/unrs__resolver-binding-linux-s390x-gnu-1.12.2.tgz","sha512-HYJtLfXq94q8iZNFT1lknx258wlkkWhZeUXJRqzKBBUJ00CvZ+N33zgbCqimLjsyw5Va6uUxhVa12mI+kaveEw==","https://registry.npmjs.org/@unrs/resolver-binding-linux-s390x-gnu/-/resolver-binding-linux-s390x-gnu-1.12.2.tgz"
"@unrs/resolver-binding-linux-x64-gnu","1.12.2","tarballs/unrs__resolver-binding-linux-x64-gnu-1.12.2.tgz","sha512-mPsUhunKKDih5O96Y6enDQyHc1SqBPlY1E/SfMWDM3EdJ95Z9CArPeCVwCCqbP45ljvivdEk8Fxn+SIb1rDAJQ==","https://registry.npmjs.org/@unrs/resolver-binding-linux-x64-gnu/-/resolver-binding-linux-x64-gnu-1.12.2.tgz"
"@unrs/resolver-binding-linux-x64-musl","1.12.2","tarballs/unrs__resolver-binding-linux-x64-musl-1.12.2.tgz","sha512-azrt6+5ydLd8Vt210AAFis/lZevSfPw93EJRIJG+xPu4WCJ8K0kppCTpMyLPcKT7H15M4Jnt2tMp5bOvCkRC6A==","https://registry.npmjs.org/@unrs/resolver-binding-linux-x64-musl/-/resolver-binding-linux-x64-musl-1.12.2.tgz"
"@unrs/resolver-binding-openharmony-arm64","1.12.2","tarballs/unrs__resolver-binding-openharmony-arm64-1.12.2.tgz","sha512-YZ9hP4O0X9PQb8eO980qmLNGH4zT3I9+SZTdt0Pr0YyuGQhYKoOZkV02VzrzyOZJ5xIJ3UFIenKkUkGg8GjgWQ==","https://registry.npmjs.org/@unrs/resolver-binding-openharmony-arm64/-/resolver-binding-openharmony-arm64-1.12.2.tgz"
"@unrs/resolver-binding-wasm32-wasi","1.12.2","tarballs/unrs__resolver-binding-wasm32-wasi-1.12.2.tgz","sha512-tYFDIkMxSflfEc/h92ZWNsZlHSwgimbNHSO3PL2JWQHfCuC2q316jMyYU9TIWZsFK2bQwyK5VAdYgn8ygPj69A==","https://registry.npmjs.org/@unrs/resolver-binding-wasm32-wasi/-/resolver-binding-wasm32-wasi-1.12.2.tgz"
"@unrs/resolver-binding-win32-arm64-msvc","1.12.2","tarballs/unrs__resolver-binding-win32-arm64-msvc-1.12.2.tgz","sha512-qzNyg3xL0VPQmCaUh+N5jSitce6k+uCBfMDesWRnlULOZaqUkaJ0ybdT+UqlAWJoQjuqfIU/0Ptx9bteN4D82g==","https://registry.npmjs.org/@unrs/resolver-binding-win32-arm64-msvc/-/resolver-binding-win32-arm64-msvc-1.12.2.tgz"
"@unrs/resolver-binding-win32-ia32-msvc","1.12.2","tarballs/unrs__resolver-binding-win32-ia32-msvc-1.12.2.tgz","sha512-WD9sY00OfpHVGfsnHZoA8jVT+esS/Bg8z8jzxp5BnDCjjwsuKsPQrzswwpFy4J1AUJbXPRfkpcX0mXrzeXW79g==","https://registry.npmjs.org/@unrs/resolver-binding-win32-ia32-msvc/-/resolver-binding-win32-ia32-msvc-1.12.2.tgz"
"@unrs/resolver-binding-win32-x64-msvc","1.12.2","tarballs/unrs__resolver-binding-win32-x64-msvc-1.12.2.tgz","sha512-nAB74NfSNKknqQ1RrYj6uz8FcXEomu/MATJZxh/x+BArzN2U3JbOYC0APYzUIGhVY3m5hRxA8VPNdPBoG8txlA==","https://registry.npmjs.org/@unrs/resolver-binding-win32-x64-msvc/-/resolver-binding-win32-x64-msvc-1.12.2.tgz"
"@vercel/og","0.8.6","tarballs/vercel__og-0.8.6.tgz","sha512-hBcWIOppZV14bi+eAmCZj8Elj8hVSUZJTpf1lgGBhVD85pervzQ1poM/qYfFUlPraYSZYP+ASg6To5BwYmUSGQ==","https://registry.npmjs.org/@vercel/og/-/og-0.8.6.tgz"
"@vitejs/plugin-react","6.0.2","tarballs/vitejs__plugin-react-6.0.2.tgz","sha512-DlSMqo4WhThw4vB8Mpn0Woe9J+Jfq1geJ61AKW0QEgLzGMNwtIMdxbDUzLxcun8W7NbJO0e2Jg/Nxm3cCSVzzg==","https://registry.npmjs.org/@vitejs/plugin-react/-/plugin-react-6.0.2.tgz"
"@vitejs/plugin-rsc","0.5.26","tarballs/vitejs__plugin-rsc-0.5.26.tgz","sha512-T8W8ODEutblw9qXQB512LDPyv1tAbJRD/Gf0QEGsAoydl4nxEtIrghnhoI9oLY9R+7aw+cLk1ZEltxWHWf4aHw==","https://registry.npmjs.org/@vitejs/plugin-rsc/-/plugin-rsc-0.5.26.tgz"
"@webassemblyjs/ast","1.14.1","tarballs/webassemblyjs__ast-1.14.1.tgz","sha512-nuBEDgQfm1ccRp/8bCQrx1frohyufl4JlbMMZ4P1wpeOfDhF6FQkxZJ1b/e+PLwr6X1Nhw6OLme5usuBWYBvuQ==","https://registry.npmjs.org/@webassemblyjs/ast/-/ast-1.14.1.tgz"
"@webassemblyjs/floating-point-hex-parser","1.13.2","tarballs/webassemblyjs__floating-point-hex-parser-1.13.2.tgz","sha512-6oXyTOzbKxGH4steLbLNOu71Oj+C8Lg34n6CqRvqfS2O71BxY6ByfMDRhBytzknj9yGUPVJ1qIKhRlAwO1AovA==","https://registry.npmjs.org/@webassemblyjs/floating-point-hex-parser/-/floating-point-hex-parser-1.13.2.tgz"
"@webassemblyjs/helper-api-error","1.13.2","tarballs/webassemblyjs__helper-api-error-1.13.2.tgz","sha512-U56GMYxy4ZQCbDZd6JuvvNV/WFildOjsaWD3Tzzvmw/mas3cXzRJPMjP83JqEsgSbyrmaGjBfDtV7KDXV9UzFQ==","https://registry.npmjs.org/@webassemblyjs/helper-api-error/-/helper-api-error-1.13.2.tgz"
"@webassemblyjs/helper-buffer","1.14.1","tarballs/webassemblyjs__helper-buffer-1.14.1.tgz","sha512-jyH7wtcHiKssDtFPRB+iQdxlDf96m0E39yb0k5uJVhFGleZFoNw1c4aeIcVUPPbXUVJ94wwnMOAqUHyzoEPVMA==","https://registry.npmjs.org/@webassemblyjs/helper-buffer/-/helper-buffer-1.14.1.tgz"
"@webassemblyjs/helper-numbers","1.13.2","tarballs/webassemblyjs__helper-numbers-1.13.2.tgz","sha512-FE8aCmS5Q6eQYcV3gI35O4J789wlQA+7JrqTTpJqn5emA4U2hvwJmvFRC0HODS+3Ye6WioDklgd6scJ3+PLnEA==","https://registry.npmjs.org/@webassemblyjs/helper-numbers/-/helper-numbers-1.13.2.tgz"
"@webassemblyjs/helper-wasm-bytecode","1.13.2","tarballs/webassemblyjs__helper-wasm-bytecode-1.13.2.tgz","sha512-3QbLKy93F0EAIXLh0ogEVR6rOubA9AoZ+WRYhNbFyuB70j3dRdwH9g+qXhLAO0kiYGlg3TxDV+I4rQTr/YNXkA==","https://registry.npmjs.org/@webassemblyjs/helper-wasm-bytecode/-/helper-wasm-bytecode-1.13.2.tgz"
"@webassemblyjs/helper-wasm-section","1.14.1","tarballs/webassemblyjs__helper-wasm-section-1.14.1.tgz","sha512-ds5mXEqTJ6oxRoqjhWDU83OgzAYjwsCV8Lo/N+oRsNDmx/ZDpqalmrtgOMkHwxsG0iI//3BwWAErYRHtgn0dZw==","https://registry.npmjs.org/@webassemblyjs/helper-wasm-section/-/helper-wasm-section-1.14.1.tgz"
"@webassemblyjs/ieee754","1.13.2","tarballs/webassemblyjs__ieee754-1.13.2.tgz","sha512-4LtOzh58S/5lX4ITKxnAK2USuNEvpdVV9AlgGQb8rJDHaLeHciwG4zlGr0j/SNWlr7x3vO1lDEsuePvtcDNCkw==","https://registry.npmjs.org/@webassemblyjs/ieee754/-/ieee754-1.13.2.tgz"
"@webassemblyjs/leb128","1.13.2","tarballs/webassemblyjs__leb128-1.13.2.tgz","sha512-Lde1oNoIdzVzdkNEAWZ1dZ5orIbff80YPdHx20mrHwHrVNNTjNr8E3xz9BdpcGqRQbAEa+fkrCb+fRFTl/6sQw==","https://registry.npmjs.org/@webassemblyjs/leb128/-/leb128-1.13.2.tgz"
"@webassemblyjs/utf8","1.13.2","tarballs/webassemblyjs__utf8-1.13.2.tgz","sha512-3NQWGjKTASY1xV5m7Hr0iPeXD9+RDobLll3T9d2AO+g3my8xy5peVyjSag4I50mR1bBSN/Ct12lo+R9tJk0NZQ==","https://registry.npmjs.org/@webassemblyjs/utf8/-/utf8-1.13.2.tgz"
"@webassemblyjs/wasm-edit","1.14.1","tarballs/webassemblyjs__wasm-edit-1.14.1.tgz","sha512-RNJUIQH/J8iA/1NzlE4N7KtyZNHi3w7at7hDjvRNm5rcUXa00z1vRz3glZoULfJ5mpvYhLybmVcwcjGrC1pRrQ==","https://registry.npmjs.org/@webassemblyjs/wasm-edit/-/wasm-edit-1.14.1.tgz"
"@webassemblyjs/wasm-gen","1.14.1","tarballs/webassemblyjs__wasm-gen-1.14.1.tgz","sha512-AmomSIjP8ZbfGQhumkNvgC33AY7qtMCXnN6bL2u2Js4gVCg8fp735aEiMSBbDR7UQIj90n4wKAFUSEd0QN2Ukg==","https://registry.npmjs.org/@webassemblyjs/wasm-gen/-/wasm-gen-1.14.1.tgz"
"@webassemblyjs/wasm-opt","1.14.1","tarballs/webassemblyjs__wasm-opt-1.14.1.tgz","sha512-PTcKLUNvBqnY2U6E5bdOQcSM+oVP/PmrDY9NzowJjislEjwP/C4an2303MCVS2Mg9d3AJpIGdUFIQQWbPds0Sw==","https://registry.npmjs.org/@webassemblyjs/wasm-opt/-/wasm-opt-1.14.1.tgz"
"@webassemblyjs/wasm-parser","1.14.1","tarballs/webassemblyjs__wasm-parser-1.14.1.tgz","sha512-JLBl+KZ0R5qB7mCnud/yyX08jWFw5MsoalJ1pQ4EdFlgj9VdXKGuENGsiCIjegI1W7p91rUlcB/LB5yRJKNTcQ==","https://registry.npmjs.org/@webassemblyjs/wasm-parser/-/wasm-parser-1.14.1.tgz"
"@webassemblyjs/wast-printer","1.14.1","tarballs/webassemblyjs__wast-printer-1.14.1.tgz","sha512-kPSSXE6De1XOR820C90RIo2ogvZG+c3KiHzqUoO/F34Y2shGzesfqv7o57xrxovZJH/MetF5UjroJ/R/3isoiw==","https://registry.npmjs.org/@webassemblyjs/wast-printer/-/wast-printer-1.14.1.tgz"
"@xtuc/ieee754","1.2.0","tarballs/xtuc__ieee754-1.2.0.tgz","sha512-DX8nKgqcGwsc0eJSqYt5lwP4DH5FlHnmuWWBRy7X0NcaGR0ZtuyeESgMwTYVEtxmsNGY+qit4QYT/MIYTOTPeA==","https://registry.npmjs.org/@xtuc/ieee754/-/ieee754-1.2.0.tgz"
"@xtuc/long","4.2.2","tarballs/xtuc__long-4.2.2.tgz","sha512-NuHqBY1PB/D8xU6s/thBgOAiAP7HOYDQ32+BFZILJ8ivkUkAHQnWfn6WhL79Owj1qmUnoN/YPhktdIoucipkAQ==","https://registry.npmjs.org/@xtuc/long/-/long-4.2.2.tgz"
"acorn-import-phases","1.0.4","tarballs/acorn-import-phases-1.0.4.tgz","sha512-wKmbr/DDiIXzEOiWrTTUcDm24kQ2vGfZQvM2fwg2vXqR5uW6aapr7ObPtj1th32b9u90/Pf4AItvdTh42fBmVQ==","https://registry.npmjs.org/acorn-import-phases/-/acorn-import-phases-1.0.4.tgz"
"acorn-jsx","5.3.2","tarballs/acorn-jsx-5.3.2.tgz","sha512-rq9s+JNhf0IChjtDXxllJ7g41oZk5SlXtp0LHwyA5cejwn7vKmKp4pPri6YEePv2PU65sAsegbXtIinmDFDXgQ==","https://registry.npmjs.org/acorn-jsx/-/acorn-jsx-5.3.2.tgz"
"acorn-loose","8.5.2","tarballs/acorn-loose-8.5.2.tgz","sha512-PPvV6g8UGMGgjrMu+n/f9E/tCSkNQ2Y97eFvuVdJfG11+xdIeDcLyNdC8SHcrHbRqkfwLASdplyR6B6sKM1U4A==","https://registry.npmjs.org/acorn-loose/-/acorn-loose-8.5.2.tgz"
"acorn","8.16.0","tarballs/acorn-8.16.0.tgz","sha512-UVJyE9MttOsBQIDKw1skb9nAwQuR5wuGD3+82K6JgJlm/Y+KI92oNsMNGZCYdDsVtRHSak0pcV5Dno5+4jh9sw==","https://registry.npmjs.org/acorn/-/acorn-8.16.0.tgz"
"ajv-formats","2.1.1","tarballs/ajv-formats-2.1.1.tgz","sha512-Wx0Kx52hxE7C18hkMEggYlEifqWZtYaRgouJor+WMdPnQyEK13vgEWyVNup7SoeeoLMsr4kf5h6dOW11I15MUA==","https://registry.npmjs.org/ajv-formats/-/ajv-formats-2.1.1.tgz"
"ajv-keywords","5.1.0","tarballs/ajv-keywords-5.1.0.tgz","sha512-YCS/JNFAUyr5vAuhk1DWm1CBxRHW9LbJ2ozWeemrIqpbsqKjHVxYPyi5GC0rjZIT5JxJ3virVTS8wk4i/Z+krw==","https://registry.npmjs.org/ajv-keywords/-/ajv-keywords-5.1.0.tgz"
"ajv","6.15.0","tarballs/ajv-6.15.0.tgz","sha512-fgFx7Hfoq60ytK2c7DhnF8jIvzYgOMxfugjLOSMHjLIPgenqa7S7oaagATUq99mV6IYvN2tRmC0wnTYX6iPbMw==","https://registry.npmjs.org/ajv/-/ajv-6.15.0.tgz"
"ajv","8.20.0","tarballs/ajv-8.20.0.tgz","sha512-Thbli+OlOj+iMPYFBVBfJ3OmCAnaSyNn4M1vz9T6Gka5Jt9ba/HIR56joy65tY6kx/FCF5VXNB819Y7/GUrBGA==","https://registry.npmjs.org/ajv/-/ajv-8.20.0.tgz"
"ansi-styles","4.3.0","tarballs/ansi-styles-4.3.0.tgz","sha512-zbB9rCJAT1rbjiVDb2hqKFHNYLxgtk8NURxZ3IZwD3F6NtxbXZQCnnSi1Lkx+IDohdPlFp222wVALIheZJQSEg==","https://registry.npmjs.org/ansi-styles/-/ansi-styles-4.3.0.tgz"
"argparse","2.0.1","tarballs/argparse-2.0.1.tgz","sha512-8+9WqebbFzpX9OR+Wa6O29asIogeRMzcGtAINdpMHHyAg10f05aSFVBbcEqGf/PXw1EjAZ+q2/bEBg3DvurK3Q==","https://registry.npmjs.org/argparse/-/argparse-2.0.1.tgz"
"aria-query","5.3.2","tarballs/aria-query-5.3.2.tgz","sha512-COROpnaoap1E2F000S62r6A60uHZnmlvomhfyT2DlTcrY1OrBKn2UhH7qn5wTC9zMvD0AY7csdPSNwKP+7WiQw==","https://registry.npmjs.org/aria-query/-/aria-query-5.3.2.tgz"
"array-buffer-byte-length","1.0.2","tarballs/array-buffer-byte-length-1.0.2.tgz","sha512-LHE+8BuR7RYGDKvnrmcuSq3tDcKv9OFEXQt/HpbZhY7V6h0zlUXutnAD82GiFx9rdieCMjkvtcsPqBwgUl1Iiw==","https://registry.npmjs.org/array-buffer-byte-length/-/array-buffer-byte-length-1.0.2.tgz"
"array-includes","3.1.9","tarballs/array-includes-3.1.9.tgz","sha512-FmeCCAenzH0KH381SPT5FZmiA/TmpndpcaShhfgEN9eCVjnFBqq3l1xrI42y8+PPLI6hypzou4GXw00WHmPBLQ==","https://registry.npmjs.org/array-includes/-/array-includes-3.1.9.tgz"
"array.prototype.findlast","1.2.5","tarballs/array.prototype.findlast-1.2.5.tgz","sha512-CVvd6FHg1Z3POpBLxO6E6zr+rSKEQ9L6rZHAaY7lLfhKsWYUBBOuMs0e9o24oopj6H+geRCX0YJ+TJLBK2eHyQ==","https://registry.npmjs.org/array.prototype.findlast/-/array.prototype.findlast-1.2.5.tgz"
"array.prototype.findlastindex","1.2.6","tarballs/array.prototype.findlastindex-1.2.6.tgz","sha512-F/TKATkzseUExPlfvmwQKGITM3DGTK+vkAsCZoDc5daVygbJBnjEUCbgkAvVFsgfXfX4YIqZ/27G3k3tdXrTxQ==","https://registry.npmjs.org/array.prototype.findlastindex/-/array.prototype.findlastindex-1.2.6.tgz"
"array.prototype.flat","1.3.3","tarballs/array.prototype.flat-1.3.3.tgz","sha512-rwG/ja1neyLqCuGZ5YYrznA62D4mZXg0i1cIskIUKSiqF3Cje9/wXAls9B9s1Wa2fomMsIv8czB8jZcPmxCXFg==","https://registry.npmjs.org/array.prototype.flat/-/array.prototype.flat-1.3.3.tgz"
"array.prototype.flatmap","1.3.3","tarballs/array.prototype.flatmap-1.3.3.tgz","sha512-Y7Wt51eKJSyi80hFrJCePGGNo5ktJCslFuboqJsbf57CCPcm5zztluPlc4/aD8sWsKvlwatezpV4U1efk8kpjg==","https://registry.npmjs.org/array.prototype.flatmap/-/array.prototype.flatmap-1.3.3.tgz"
"array.prototype.tosorted","1.1.4","tarballs/array.prototype.tosorted-1.1.4.tgz","sha512-p6Fx8B7b7ZhL/gmUsAy0D15WhvDccw3mnGNbZpi3pmeJdxtWsj2jEaI4Y6oo3XiHfzuSgPwKc04MYt6KgvC/wA==","https://registry.npmjs.org/array.prototype.tosorted/-/array.prototype.tosorted-1.1.4.tgz"
"arraybuffer.prototype.slice","1.0.4","tarballs/arraybuffer.prototype.slice-1.0.4.tgz","sha512-BNoCY6SXXPQ7gF2opIP4GBE+Xw7U+pHMYKuzjgCN3GwiaIR09UUeKfheyIry77QtrCBlC0KK0q5/TER/tYh3PQ==","https://registry.npmjs.org/arraybuffer.prototype.slice/-/arraybuffer.prototype.slice-1.0.4.tgz"
"ast-types-flow","0.0.8","tarballs/ast-types-flow-0.0.8.tgz","sha512-OH/2E5Fg20h2aPrbe+QL8JZQFko0YZaF+j4mnQ7BGhfavO7OpSLa8a0y9sBwomHdSbkhTS8TQNayBfnW5DwbvQ==","https://registry.npmjs.org/ast-types-flow/-/ast-types-flow-0.0.8.tgz"
"async-function","1.0.0","tarballs/async-function-1.0.0.tgz","sha512-hsU18Ae8CDTR6Kgu9DYf0EbCr/a5iGL0rytQDobUcdpYOKokk8LEjVphnXkDkgpi0wYVsqrXuP0bZxJaTqdgoA==","https://registry.npmjs.org/async-function/-/async-function-1.0.0.tgz"
"available-typed-arrays","1.0.7","tarballs/available-typed-arrays-1.0.7.tgz","sha512-wvUjBtSGN7+7SjNpq/9M2Tg350UZD3q62IFZLbRAR1bSMlCo1ZaeW+BJ+D090e4hIIZLBcTDWe4Mh4jvUDajzQ==","https://registry.npmjs.org/available-typed-arrays/-/available-typed-arrays-1.0.7.tgz"
"axe-core","4.12.0","tarballs/axe-core-4.12.0.tgz","sha512-FTavr/7Ba0IptwGOPxnQvdyW2tAsdLBMTBXz7rKH6xJ2skpyxpBxyHkDdBs4lf69yRqYpkqCdfhnwS8YULGOmg==","https://registry.npmjs.org/axe-core/-/axe-core-4.12.0.tgz"
"axobject-query","4.1.0","tarballs/axobject-query-4.1.0.tgz","sha512-qIj0G9wZbMGNLjLmg1PT6v2mE9AH2zlnADJD/2tC6E00hgmhUOfEB6greHPAfLRSufHqROIUTkw6E+M3lH0PTQ==","https://registry.npmjs.org/axobject-query/-/axobject-query-4.1.0.tgz"
"balanced-match","1.0.2","tarballs/balanced-match-1.0.2.tgz","sha512-3oSeUO0TMV67hN1AmbXsK4yaqU7tjiHlbxRDZOpH0KW9+CeX4bRAaX0Anxt0tx2MrpRpWwQaPwIlISEJhYU5Pw==","https://registry.npmjs.org/balanced-match/-/balanced-match-1.0.2.tgz"
"balanced-match","4.0.4","tarballs/balanced-match-4.0.4.tgz","sha512-BLrgEcRTwX2o6gGxGOCNyMvGSp35YofuYzw9h1IMTRmKqttAZZVU67bdb9Pr2vUHA8+j3i2tJfjO6C6+4myGTA==","https://registry.npmjs.org/balanced-match/-/balanced-match-4.0.4.tgz"
"base64-js","0.0.8","tarballs/base64-js-0.0.8.tgz","sha512-3XSA2cR/h/73EzlXXdU6YNycmYI7+kicTxks4eJg2g39biHR84slg2+des+p7iHYhbRg/udIS4TD53WabcOUkw==","https://registry.npmjs.org/base64-js/-/base64-js-0.0.8.tgz"
"baseline-browser-mapping","2.10.33","tarballs/baseline-browser-mapping-2.10.33.tgz","sha512-bA6+tcSLpz2tIEdDXZPpPTIuxBcC4+w6SieaYyfigIa4h8GlFxbA17v22Vx3JUtuZQj9SgOsnbK+aTBzyDyEuw==","https://registry.npmjs.org/baseline-browser-mapping/-/baseline-browser-mapping-2.10.33.tgz"
"blake3-wasm","2.1.5","tarballs/blake3-wasm-2.1.5.tgz","sha512-F1+K8EbfOZE49dtoPtmxUQrpXaBIl3ICvasLh+nJta0xkz+9kF/7uet9fLnwKqhDrmj6g+6K3Tw9yQPUg2ka5g==","https://registry.npmjs.org/blake3-wasm/-/blake3-wasm-2.1.5.tgz"
"brace-expansion","1.1.15","tarballs/brace-expansion-1.1.15.tgz","sha512-EwOCDEex4quD37XhqM3omwtMoJjr//isUZz1JopUNWms+4Z2ViyM/k1YIRePpoVNnQhENnxtFjLaxNHrT7xIUg==","https://registry.npmjs.org/brace-expansion/-/brace-expansion-1.1.15.tgz"
"brace-expansion","5.0.6","tarballs/brace-expansion-5.0.6.tgz","sha512-kLpxurY4Z4r9sgMsyG0Z9uzsBlgiU/EFKhj/h91/8yHu0edo7XuixOIH3VcJ8kkxs6/jPzoI6U9Vj3WqbMQ94g==","https://registry.npmjs.org/brace-expansion/-/brace-expansion-5.0.6.tgz"
"braces","3.0.3","tarballs/braces-3.0.3.tgz","sha512-yQbXgO/OSZVD2IsiLlro+7Hf6Q18EJrKSEsdoMzKePKXct3gvD8oLcOQdIzGupr5Fj+EDe8gO/lxc1BzfMpxvA==","https://registry.npmjs.org/braces/-/braces-3.0.3.tgz"
"browserslist","4.28.2","tarballs/browserslist-4.28.2.tgz","sha512-48xSriZYYg+8qXna9kwqjIVzuQxi+KYWp2+5nCYnYKPTr0LvD89Jqk2Or5ogxz0NUMfIjhh2lIUX/LyX9B4oIg==","https://registry.npmjs.org/browserslist/-/browserslist-4.28.2.tgz"
"buffer-from","1.1.2","tarballs/buffer-from-1.1.2.tgz","sha512-E+XQCRwSbaaiChtv6k6Dwgc+bx+Bs6vuKJHHl5kox/BaKbhiXzqQOwK4cO22yElGp2OCmjwVhT3HmxgyPGnJfQ==","https://registry.npmjs.org/buffer-from/-/buffer-from-1.1.2.tgz"
"call-bind-apply-helpers","1.0.2","tarballs/call-bind-apply-helpers-1.0.2.tgz","sha512-Sp1ablJ0ivDkSzjcaJdxEunN5/XvksFJ2sMBFfq6x0ryhQV/2b/KwFe21cMpmHtPOSij8K99/wSfoEuTObmuMQ==","https://registry.npmjs.org/call-bind-apply-helpers/-/call-bind-apply-helpers-1.0.2.tgz"
"call-bind","1.0.9","tarballs/call-bind-1.0.9.tgz","sha512-a/hy+pNsFUTR+Iz8TCJvXudKVLAnz/DyeSUo10I5yvFDQJBFU2s9uqQpoSrJlroHUKoKqzg+epxyP9lqFdzfBQ==","https://registry.npmjs.org/call-bind/-/call-bind-1.0.9.tgz"
"call-bound","1.0.4","tarballs/call-bound-1.0.4.tgz","sha512-+ys997U96po4Kx/ABpBCqhA9EuxJaQWDQg7295H4hBphv3IZg0boBKuwYpt4YXp6MZ5AmZQnU/tyMTlRpaSejg==","https://registry.npmjs.org/call-bound/-/call-bound-1.0.4.tgz"
"callsites","3.1.0","tarballs/callsites-3.1.0.tgz","sha512-P8BjAsXvZS+VIDUI11hHCQEv74YT67YUi5JJFNWIqL235sBmjX4+qx9Muvls5ivyNENctx46xQLQ3aTuE7ssaQ==","https://registry.npmjs.org/callsites/-/callsites-3.1.0.tgz"
"camelize","1.0.1","tarballs/camelize-1.0.1.tgz","sha512-dU+Tx2fsypxTgtLoE36npi3UqcjSSMNYfkqgmoEhtZrraP5VWq0K7FkWVTYa8eMPtnU/G2txVsfdCJTn9uzpuQ==","https://registry.npmjs.org/camelize/-/camelize-1.0.1.tgz"
"caniuse-lite","1.0.30001793","tarballs/caniuse-lite-1.0.30001793.tgz","sha512-iwSsYWaCOoh26cV8NwNRViHlrfUvYsHDfRVcbtmw0Kg6PJIZZXwMkj1442FYLBGkeUf1juAsU3DTfxW579mrPA==","https://registry.npmjs.org/caniuse-lite/-/caniuse-lite-1.0.30001793.tgz"
"chalk","4.1.2","tarballs/chalk-4.1.2.tgz","sha512-oKnbhFyRIXpUuez8iBMmyEa4nbj4IOQyuhc/wy9kY7/WVPcwIO9VA668Pu8RkO7+0G76SLROeyw9CpQ061i4mA==","https://registry.npmjs.org/chalk/-/chalk-4.1.2.tgz"
"chrome-trace-event","1.0.4","tarballs/chrome-trace-event-1.0.4.tgz","sha512-rNjApaLzuwaOTjCiT8lSDdGN1APCiqkChLMJxJPWLunPAt5fy8xgU9/jNOchV84wfIxrA0lRQB7oCT8jrn/wrQ==","https://registry.npmjs.org/chrome-trace-event/-/chrome-trace-event-1.0.4.tgz"
"client-only","0.0.1","tarballs/client-only-0.0.1.tgz","sha512-IV3Ou0jSMzZrd3pZ48nLkT9DA7Ag1pnPzaiQhpW7c3RbcqqzvzzVu+L8gfqMp/8IM2MQtSiqaCxrrcfu8I8rMA==","https://registry.npmjs.org/client-only/-/client-only-0.0.1.tgz"
"color-convert","2.0.1","tarballs/color-convert-2.0.1.tgz","sha512-RRECPsj7iu/xb5oKYcsFHSppFNnsj/52OVTRKb4zP5onXwVF3zVmmToNcOfGC+CRDpfK/U584fMg38ZHCaElKQ==","https://registry.npmjs.org/color-convert/-/color-convert-2.0.1.tgz"
"color-name","1.1.4","tarballs/color-name-1.1.4.tgz","sha512-dOy+3AuW3a2wNbZHIuMZpTcgjGuLU/uBL/ubcZF9OXbDo8ff4O8yVp5Bf0efS8uEoYo5q4Fx7dY9OgQGXgAsQA==","https://registry.npmjs.org/color-name/-/color-name-1.1.4.tgz"
"commander","2.20.3","tarballs/commander-2.20.3.tgz","sha512-GpVkmM8vF2vQUkj2LvZmD35JxeJOLCwJ9cUkugyk2nuhbv3+mJvpLYYt+0+USMxE+oj+ey/lJEnhZw75x/OMcQ==","https://registry.npmjs.org/commander/-/commander-2.20.3.tgz"
"concat-map","0.0.1","tarballs/concat-map-0.0.1.tgz","sha512-/Srv4dswyQNBfohGpz9o6Yb3Gz3SrUDqBH5rTuhGR7ahtlbYKnVxw2bCFMRljaA7EXHaXZ8wsHdodFvbkhKmqg==","https://registry.npmjs.org/concat-map/-/concat-map-0.0.1.tgz"
"convert-source-map","2.0.0","tarballs/convert-source-map-2.0.0.tgz","sha512-Kvp459HrV2FEJ1CAsi1Ku+MY3kasH19TFykTz2xWmMeq6bk2NU3XXvfJ+Q61m0xktWwt+1HSYf3JZsTms3aRJg==","https://registry.npmjs.org/convert-source-map/-/convert-source-map-2.0.0.tgz"
"cookie","1.1.1","tarballs/cookie-1.1.1.tgz","sha512-ei8Aos7ja0weRpFzJnEA9UHJ/7XQmqglbRwnf2ATjcB9Wq874VKH9kfjjirM6UhU2/E5fFYadylyhFldcqSidQ==","https://registry.npmjs.org/cookie/-/cookie-1.1.1.tgz"
"cross-spawn","7.0.6","tarballs/cross-spawn-7.0.6.tgz","sha512-uV2QOWP2nWzsy2aMp8aRibhi9dlzF5Hgh5SHaB9OiTGEyDTiJJyx0uy51QXdyWbtAHNua4XJzUKca3OzKUd3vA==","https://registry.npmjs.org/cross-spawn/-/cross-spawn-7.0.6.tgz"
"css-background-parser","0.1.0","tarballs/css-background-parser-0.1.0.tgz","sha512-2EZLisiZQ+7m4wwur/qiYJRniHX4K5Tc9w93MT3AS0WS1u5kaZ4FKXlOTBhOjc+CgEgPiGY+fX1yWD8UwpEqUA==","https://registry.npmjs.org/css-background-parser/-/css-background-parser-0.1.0.tgz"
"css-box-shadow","1.0.0-3","tarballs/css-box-shadow-1.0.0-3.tgz","sha512-9jaqR6e7Ohds+aWwmhe6wILJ99xYQbfmK9QQB9CcMjDbTxPZjwEmUQpU91OG05Xgm8BahT5fW+svbsQGjS/zPg==","https://registry.npmjs.org/css-box-shadow/-/css-box-shadow-1.0.0-3.tgz"
"css-color-keywords","1.0.0","tarballs/css-color-keywords-1.0.0.tgz","sha512-FyyrDHZKEjXDpNJYvVsV960FiqQyXc/LlYmsxl2BcdMb2WPx0OGRVgTg55rPSyLSNMqP52R9r8geSp7apN3Ofg==","https://registry.npmjs.org/css-color-keywords/-/css-color-keywords-1.0.0.tgz"
"css-gradient-parser","0.0.16","tarballs/css-gradient-parser-0.0.16.tgz","sha512-3O5QdqgFRUbXvK1x5INf1YkBz1UKSWqrd63vWsum8MNHDBYD5urm3QtxZbKU259OrEXNM26lP/MPY3d1IGkBgA==","https://registry.npmjs.org/css-gradient-parser/-/css-gradient-parser-0.0.16.tgz"
"css-to-react-native","3.2.0","tarballs/css-to-react-native-3.2.0.tgz","sha512-e8RKaLXMOFii+02mOlqwjbD00KSEKqblnpO9e++1aXS1fPQOpS1YoqdVHBqPjHNoxeF2mimzVqawm2KCbEdtHQ==","https://registry.npmjs.org/css-to-react-native/-/css-to-react-native-3.2.0.tgz"
"csstype","3.2.3","tarballs/csstype-3.2.3.tgz","sha512-z1HGKcYy2xA8AGQfwrn0PAy+PB7X/GSj3UVJW9qKyn43xWa+gl5nXmU4qqLMRzWVLFC8KusUX8T/0kCiOYpAIQ==","https://registry.npmjs.org/csstype/-/csstype-3.2.3.tgz"
"damerau-levenshtein","1.0.8","tarballs/damerau-levenshtein-1.0.8.tgz","sha512-sdQSFB7+llfUcQHUQO3+B8ERRj0Oa4w9POWMI/puGtuf7gFywGmkaLCElnudfTiKZV+NvHqL0ifzdrI8Ro7ESA==","https://registry.npmjs.org/damerau-levenshtein/-/damerau-levenshtein-1.0.8.tgz"
"data-view-buffer","1.0.2","tarballs/data-view-buffer-1.0.2.tgz","sha512-EmKO5V3OLXh1rtK2wgXRansaK1/mtVdTUEiEI0W8RkvgT05kfxaH29PliLnpLP73yYO6142Q72QNa8Wx/A5CqQ==","https://registry.npmjs.org/data-view-buffer/-/data-view-buffer-1.0.2.tgz"
"data-view-byte-length","1.0.2","tarballs/data-view-byte-length-1.0.2.tgz","sha512-tuhGbE6CfTM9+5ANGf+oQb72Ky/0+s3xKUpHvShfiz2RxMFgFPjsXuRLBVMtvMs15awe45SRb83D6wH4ew6wlQ==","https://registry.npmjs.org/data-view-byte-length/-/data-view-byte-length-1.0.2.tgz"
"data-view-byte-offset","1.0.1","tarballs/data-view-byte-offset-1.0.1.tgz","sha512-BS8PfmtDGnrgYdOonGZQdLZslWIeCGFP9tpan0hi1Co2Zr2NKADsvGYA8XxuG/4UWgJ6Cjtv+YJnB6MM69QGlQ==","https://registry.npmjs.org/data-view-byte-offset/-/data-view-byte-offset-1.0.1.tgz"
"debug","3.2.7","tarballs/debug-3.2.7.tgz","sha512-CFjzYYAi4ThfiQvizrFQevTTXHtnCqWfe7x1AhgEscTz6ZbLbfoLRLPugTQyBth6f8ZERVUSyWHFD/7Wu4t1XQ==","https://registry.npmjs.org/debug/-/debug-3.2.7.tgz"
"debug","4.4.3","tarballs/debug-4.4.3.tgz","sha512-RGwwWnwQvkVfavKVt22FGLw+xYSdzARwm0ru6DhTVA3umU5hZc28V3kO4stgYryrTlLpuvgI9GiijltAjNbcqA==","https://registry.npmjs.org/debug/-/debug-4.4.3.tgz"
"deep-is","0.1.4","tarballs/deep-is-0.1.4.tgz","sha512-oIPzksmTg4/MriiaYGO+okXDT7ztn/w3Eptv/+gSIdMdKsJo0u4CfYNFJPy+4SKMuCqGw2wxnA+URMg3t8a/bQ==","https://registry.npmjs.org/deep-is/-/deep-is-0.1.4.tgz"
"define-data-property","1.1.4","tarballs/define-data-property-1.1.4.tgz","sha512-rBMvIzlpA8v6E+SJZoo++HAYqsLrkg7MSfIinMPFhmkorw7X+dOXVJQs+QT69zGkzMyfDnIMN2Wid1+NbL3T+A==","https://registry.npmjs.org/define-data-property/-/define-data-property-1.1.4.tgz"
"define-properties","1.2.1","tarballs/define-properties-1.2.1.tgz","sha512-8QmQKqEASLd5nx0U1B1okLElbUuuttJ/AnYmRXbbbGDWh6uS208EjD4Xqq/I9wK7u0v6O08XhTWnt5XtEbR6Dg==","https://registry.npmjs.org/define-properties/-/define-properties-1.2.1.tgz"
"detect-libc","2.1.2","tarballs/detect-libc-2.1.2.tgz","sha512-Btj2BOOO83o3WyH59e8MgXsxEQVcarkUOpEYrubB0urwnN10yQ364rsiByU11nZlqWYZm05i/of7io4mzihBtQ==","https://registry.npmjs.org/detect-libc/-/detect-libc-2.1.2.tgz"
"doctrine","2.1.0","tarballs/doctrine-2.1.0.tgz","sha512-35mSku4ZXK0vfCuHEDAwt55dg2jNajHZ1odvF+8SSr82EsZY4QmXfuWso8oEd8zRhVObSN18aM0CjSdoBX7zIw==","https://registry.npmjs.org/doctrine/-/doctrine-2.1.0.tgz"
"drizzle-kit","0.31.10","tarballs/drizzle-kit-0.31.10.tgz","sha512-7OZcmQUrdGI+DUNNsKBn1aW8qSoKuTH7d0mYgSP8bAzdFzKoovxEFnoGQp2dVs82EOJeYycqRtciopszwUf8bw==","https://registry.npmjs.org/drizzle-kit/-/drizzle-kit-0.31.10.tgz"
"drizzle-orm","0.45.2","tarballs/drizzle-orm-0.45.2.tgz","sha512-kY0BSaTNYWnoDMVoyY8uxmyHjpJW1geOmBMdSSicKo9CIIWkSxMIj2rkeSR51b8KAPB7m+qysjuHme5nKP+E5Q==","https://registry.npmjs.org/drizzle-orm/-/drizzle-orm-0.45.2.tgz"
"dunder-proto","1.0.1","tarballs/dunder-proto-1.0.1.tgz","sha512-KIN/nDJBQRcXw0MLVhZE9iQHmG68qAVIBg9CqmUYjmQIhgij9U5MFvrqkUL5FbtyyzZuOeOt0zdeRe4UY7ct+A==","https://registry.npmjs.org/dunder-proto/-/dunder-proto-1.0.1.tgz"
"electron-to-chromium","1.5.368","tarballs/electron-to-chromium-1.5.368.tgz","sha512-7RckJJK4uESJF9PxvfMWd3TGqIiieUTG4HxnKaKuIpGbcr+r2ZEB3g2gAhCP3Fqm42vJSzLfgab9eva/C4/XVw==","https://registry.npmjs.org/electron-to-chromium/-/electron-to-chromium-1.5.368.tgz"
"emoji-regex-xs","2.0.1","tarballs/emoji-regex-xs-2.0.1.tgz","sha512-1QFuh8l7LqUcKe24LsPUNzjrzJQ7pgRwp1QMcZ5MX6mFplk2zQ08NVCM84++1cveaUUYtcCYHmeFEuNg16sU4g==","https://registry.npmjs.org/emoji-regex-xs/-/emoji-regex-xs-2.0.1.tgz"
"emoji-regex","9.2.2","tarballs/emoji-regex-9.2.2.tgz","sha512-L18DaJsXSUk2+42pv8mLs5jJT2hqFkFE4j21wOmgbUqsZ2hL72NsUU785g9RXgo3s0ZNgVl42TiHp3ZtOv/Vyg==","https://registry.npmjs.org/emoji-regex/-/emoji-regex-9.2.2.tgz"
"enhanced-resolve","5.22.2","tarballs/enhanced-resolve-5.22.2.tgz","sha512-0rxICaFZ7NQho/sHely2bvOPRP0Eu2B0NZ9zM54YvRvWMn7jfz3DmnOZDR9LlXDdDcqntAVc6Hfy4gr/tdH/Ag==","https://registry.npmjs.org/enhanced-resolve/-/enhanced-resolve-5.22.2.tgz"
"error-stack-parser-es","1.0.5","tarballs/error-stack-parser-es-1.0.5.tgz","sha512-5qucVt2XcuGMcEGgWI7i+yZpmpByQ8J1lHhcL7PwqCwu9FPP3VUXzT4ltHe5i2z9dePwEHcDVOAfSnHsOlCXRA==","https://registry.npmjs.org/error-stack-parser-es/-/error-stack-parser-es-1.0.5.tgz"
"es-abstract","1.24.2","tarballs/es-abstract-1.24.2.tgz","sha512-2FpH9Q5i2RRwyEP1AylXe6nYLR5OhaJTZwmlcP0dL/+JCbgg7yyEo/sEK6HeGZRf3dFpWwThaRHVApXSkW3xeg==","https://registry.npmjs.org/es-abstract/-/es-abstract-1.24.2.tgz"
"es-define-property","1.0.1","tarballs/es-define-property-1.0.1.tgz","sha512-e3nRfgfUZ4rNGL232gUgX06QNyyez04KdjFrF+LTRoOXmrOgFKDg4BCdsjW8EnT69eqdYGmRpJwiPVYNrCaW3g==","https://registry.npmjs.org/es-define-property/-/es-define-property-1.0.1.tgz"
"es-errors","1.3.0","tarballs/es-errors-1.3.0.tgz","sha512-Zf5H2Kxt2xjTvbJvP2ZWLEICxA6j+hAmMzIlypy4xcBg1vKVnx89Wy0GbS+kf5cwCVFFzdCFh2XSCFNULS6csw==","https://registry.npmjs.org/es-errors/-/es-errors-1.3.0.tgz"
"es-iterator-helpers","1.3.2","tarballs/es-iterator-helpers-1.3.2.tgz","sha512-HVLACW1TppGYjJ8H6/jqH/pqOtKRw6wMlrB23xfExmFWxFquAIWCmwoLsOyN96K4a5KbmOf5At9ZUO3GZbetAw==","https://registry.npmjs.org/es-iterator-helpers/-/es-iterator-helpers-1.3.2.tgz"
"es-module-lexer","1.7.0","tarballs/es-module-lexer-1.7.0.tgz","sha512-jEQoCwk8hyb2AZziIOLhDqpm5+2ww5uIE6lkO/6jcOCusfk6LhMHpXXfBLXTZ7Ydyt0j4VoUQv6uGNYbdW+kBA==","https://registry.npmjs.org/es-module-lexer/-/es-module-lexer-1.7.0.tgz"
"es-module-lexer","2.1.0","tarballs/es-module-lexer-2.1.0.tgz","sha512-n27zTYMjYu1aj4MjCWzSP7G9r75utsaoc8m61weK+W8JMBGGQybd43GstCXZ3WNmSFtGT9wi59qQTW6mhTR5LQ==","https://registry.npmjs.org/es-module-lexer/-/es-module-lexer-2.1.0.tgz"
"es-object-atoms","1.1.2","tarballs/es-object-atoms-1.1.2.tgz","sha512-HWcBoN6NileqtSydK2FqHbS/LoDd2pqrnQHLyJzBj4kOp/ky2MWMN694xOfkK8/SnUsW2DH7EfyVlydKCsm1Zw==","https://registry.npmjs.org/es-object-atoms/-/es-object-atoms-1.1.2.tgz"
"es-set-tostringtag","2.1.0","tarballs/es-set-tostringtag-2.1.0.tgz","sha512-j6vWzfrGVfyXxge+O0x5sh6cvxAog0a/4Rdd2K36zCMV5eJ+/+tOAngRO8cODMNWbVRdVlmGZQL2YS3yR8bIUA==","https://registry.npmjs.org/es-set-tostringtag/-/es-set-tostringtag-2.1.0.tgz"
"es-shim-unscopables","1.1.0","tarballs/es-shim-unscopables-1.1.0.tgz","sha512-d9T8ucsEhh8Bi1woXCf+TIKDIROLG5WCkxg8geBCbvk22kzwC5G2OnXVMO6FUsvQlgUUXQ2itephWDLqDzbeCw==","https://registry.npmjs.org/es-shim-unscopables/-/es-shim-unscopables-1.1.0.tgz"
"es-to-primitive","1.3.0","tarballs/es-to-primitive-1.3.0.tgz","sha512-w+5mJ3GuFL+NjVtJlvydShqE1eN3h3PbI7/5LAsYJP/2qtuMXjfL2LpHSRqo4b4eSF5K/DH1JXKUAHSB2UW50g==","https://registry.npmjs.org/es-to-primitive/-/es-to-primitive-1.3.0.tgz"
"esbuild","0.18.20","tarballs/esbuild-0.18.20.tgz","sha512-ceqxoedUrcayh7Y7ZX6NdbbDzGROiyVBgC4PriJThBKSVPWnnFHZAkfI1lJT8QFkOwH4qOS2SJkS4wvpGl8BpA==","https://registry.npmjs.org/esbuild/-/esbuild-0.18.20.tgz"
"esbuild","0.25.12","tarballs/esbuild-0.25.12.tgz","sha512-bbPBYYrtZbkt6Os6FiTLCTFxvq4tt3JKall1vRwshA3fdVztsLAatFaZobhkBC8/BrPetoa0oksYoKXoG4ryJg==","https://registry.npmjs.org/esbuild/-/esbuild-0.25.12.tgz"
"esbuild","0.27.3","tarballs/esbuild-0.27.3.tgz","sha512-8VwMnyGCONIs6cWue2IdpHxHnAjzxnw2Zr7MkVxB2vjmQ2ivqGFb4LEG3SMnv0Gb2F/G/2yA8zUaiL1gywDCCg==","https://registry.npmjs.org/esbuild/-/esbuild-0.27.3.tgz"
"esbuild","0.28.0","tarballs/esbuild-0.28.0.tgz","sha512-sNR9MHpXSUV/XB4zmsFKN+QgVG82Cc7+/aaxJ8Adi8hyOac+EXptIp45QBPaVyX3N70664wRbTcLTOemCAnyqw==","https://registry.npmjs.org/esbuild/-/esbuild-0.28.0.tgz"
"escalade","3.2.0","tarballs/escalade-3.2.0.tgz","sha512-WUj2qlxaQtO4g6Pq5c29GTcWGDyd8itL8zTlipgECz3JesAiiOKotd8JU6otB3PACgG6xkJUyVhboMS+bje/jA==","https://registry.npmjs.org/escalade/-/escalade-3.2.0.tgz"
"escape-html","1.0.3","tarballs/escape-html-1.0.3.tgz","sha512-NiSupZ4OeuGwr68lGIeym/ksIZMJodUGOSCZ/FSnTxcrekbvqrgdUxlJOMpijaKZVjAJrWrGs/6Jy8OMuyj9ow==","https://registry.npmjs.org/escape-html/-/escape-html-1.0.3.tgz"
"escape-string-regexp","4.0.0","tarballs/escape-string-regexp-4.0.0.tgz","sha512-TtpcNJ3XAzx3Gq8sWRzJaVajRs0uVxA2YAkdb1jm2YkPz4G6egUFAyA3n5vtEIZefPk5Wa4UXbKuS5fKkJWdgA==","https://registry.npmjs.org/escape-string-regexp/-/escape-string-regexp-4.0.0.tgz"
"eslint-config-next","16.2.6","tarballs/eslint-config-next-16.2.6.tgz","sha512-z2ELYSkyrrJ6cuunTU8vhsT/RpouPkjaSah06nVW6Rg2Hpg0Vs8s497/e5s8G8qtdp4ccsiovz5P1rv+5VSW2Q==","https://registry.npmjs.org/eslint-config-next/-/eslint-config-next-16.2.6.tgz"
"eslint-import-resolver-node","0.3.10","tarballs/eslint-import-resolver-node-0.3.10.tgz","sha512-tRrKqFyCaKict5hOd244sL6EQFNycnMQnBe+j8uqGNXYzsImGbGUU4ibtoaBmv5FLwJwcFJNeg1GeVjQfbMrDQ==","https://registry.npmjs.org/eslint-import-resolver-node/-/eslint-import-resolver-node-0.3.10.tgz"
"eslint-import-resolver-typescript","3.10.1","tarballs/eslint-import-resolver-typescript-3.10.1.tgz","sha512-A1rHYb06zjMGAxdLSkN2fXPBwuSaQ0iO5M/hdyS0Ajj1VBaRp0sPD3dn1FhME3c/JluGFbwSxyCfqdSbtQLAHQ==","https://registry.npmjs.org/eslint-import-resolver-typescript/-/eslint-import-resolver-typescript-3.10.1.tgz"
"eslint-module-utils","2.13.0","tarballs/eslint-module-utils-2.13.0.tgz","sha512-bLohSkT6469rRs8czj0tLTD8vaeIS/whvPRJVjDr7IuoTT1k5DYDERlNycjDj/HkOlvQdYurmfZ/g3fG5bgeLQ==","https://registry.npmjs.org/eslint-module-utils/-/eslint-module-utils-2.13.0.tgz"
"eslint-plugin-import","2.32.0","tarballs/eslint-plugin-import-2.32.0.tgz","sha512-whOE1HFo/qJDyX4SnXzP4N6zOWn79WhnCUY/iDR0mPfQZO8wcYE4JClzI2oZrhBnnMUCBCHZhO6VQyoBU95mZA==","https://registry.npmjs.org/eslint-plugin-import/-/eslint-plugin-import-2.32.0.tgz"
"eslint-plugin-jsx-a11y","6.10.2","tarballs/eslint-plugin-jsx-a11y-6.10.2.tgz","sha512-scB3nz4WmG75pV8+3eRUQOHZlNSUhFNq37xnpgRkCCELU3XMvXAxLk1eqWWyE22Ki4Q01Fnsw9BA3cJHDPgn2Q==","https://registry.npmjs.org/eslint-plugin-jsx-a11y/-/eslint-plugin-jsx-a11y-6.10.2.tgz"
"eslint-plugin-react-hooks","7.1.1","tarballs/eslint-plugin-react-hooks-7.1.1.tgz","sha512-f2I7Gw6JbvCexzIInuSbZpfdQ44D7iqdWX01FKLvrPgqxoE7oMj8clOfto8U6vYiz4yd5oKu39rRSVOe1zRu0g==","https://registry.npmjs.org/eslint-plugin-react-hooks/-/eslint-plugin-react-hooks-7.1.1.tgz"
"eslint-plugin-react","7.37.5","tarballs/eslint-plugin-react-7.37.5.tgz","sha512-Qteup0SqU15kdocexFNAJMvCJEfa2xUKNV4CC1xsVMrIIqEy3SQ/rqyxCWNzfrd3/ldy6HMlD2e0JDVpDg2qIA==","https://registry.npmjs.org/eslint-plugin-react/-/eslint-plugin-react-7.37.5.tgz"
"eslint-scope","5.1.1","tarballs/eslint-scope-5.1.1.tgz","sha512-2NxwbF/hZ0KpepYN0cNbo+FN6XoK7GaHlQhgx/hIZl6Va0bF45RQOOwhLIy8lQDbuCiadSLCBnH2CFYquit5bw==","https://registry.npmjs.org/eslint-scope/-/eslint-scope-5.1.1.tgz"
"eslint-scope","8.4.0","tarballs/eslint-scope-8.4.0.tgz","sha512-sNXOfKCn74rt8RICKMvJS7XKV/Xk9kA7DyJr8mJik3S7Cwgy3qlkkmyS2uQB3jiJg6VNdZd/pDBJu0nvG2NlTg==","https://registry.npmjs.org/eslint-scope/-/eslint-scope-8.4.0.tgz"
"eslint-visitor-keys","3.4.3","tarballs/eslint-visitor-keys-3.4.3.tgz","sha512-wpc+LXeiyiisxPlEkUzU6svyS1frIO3Mgxj1fdy7Pm8Ygzguax2N3Fa/D/ag1WqbOprdI+uY6wMUl8/a2G+iag==","https://registry.npmjs.org/eslint-visitor-keys/-/eslint-visitor-keys-3.4.3.tgz"
"eslint-visitor-keys","4.2.1","tarballs/eslint-visitor-keys-4.2.1.tgz","sha512-Uhdk5sfqcee/9H/rCOJikYz67o0a2Tw2hGRPOG2Y1R2dg7brRe1uG0yaNQDHu+TO/uQPF/5eCapvYSmHUjt7JQ==","https://registry.npmjs.org/eslint-visitor-keys/-/eslint-visitor-keys-4.2.1.tgz"
"eslint-visitor-keys","5.0.1","tarballs/eslint-visitor-keys-5.0.1.tgz","sha512-tD40eHxA35h0PEIZNeIjkHoDR4YjjJp34biM0mDvplBe//mB+IHCqHDGV7pxF+7MklTvighcCPPZC7ynWyjdTA==","https://registry.npmjs.org/eslint-visitor-keys/-/eslint-visitor-keys-5.0.1.tgz"
"eslint","9.39.4","tarballs/eslint-9.39.4.tgz","sha512-XoMjdBOwe/esVgEvLmNsD3IRHkm7fbKIUGvrleloJXUZgDHig2IPWNniv+GwjyJXzuNqVjlr5+4yVUZjycJwfQ==","https://registry.npmjs.org/eslint/-/eslint-9.39.4.tgz"
"espree","10.4.0","tarballs/espree-10.4.0.tgz","sha512-j6PAQ2uUr79PZhBjP5C5fhl8e39FmRnOjsD5lGnWrFU8i2G776tBK7+nP8KuQUTTyAZUwfQqXAgrVH5MbH9CYQ==","https://registry.npmjs.org/espree/-/espree-10.4.0.tgz"
"esquery","1.7.0","tarballs/esquery-1.7.0.tgz","sha512-Ap6G0WQwcU/LHsvLwON1fAQX9Zp0A2Y6Y/cJBl9r/JbW90Zyg4/zbG6zzKa2OTALELarYHmKu0GhpM5EO+7T0g==","https://registry.npmjs.org/esquery/-/esquery-1.7.0.tgz"
"esrecurse","4.3.0","tarballs/esrecurse-4.3.0.tgz","sha512-KmfKL3b6G+RXvP8N1vr3Tq1kL/oCFgn2NYXEtqP8/L3pKapUA4G8cFVaoF3SU323CD4XypR/ffioHmkti6/Tag==","https://registry.npmjs.org/esrecurse/-/esrecurse-4.3.0.tgz"
"estraverse","4.3.0","tarballs/estraverse-4.3.0.tgz","sha512-39nnKffWz8xN1BU/2c79n9nB9HDzo0niYUqx6xyqUnyoAnQyyWpOTdZEeiCch8BBu515t4wp9ZmgVfVhn9EBpw==","https://registry.npmjs.org/estraverse/-/estraverse-4.3.0.tgz"
"estraverse","5.3.0","tarballs/estraverse-5.3.0.tgz","sha512-MMdARuVEQziNTeJD8DgMqmhwR11BRQ/cBP+pLtYdSTnf3MIO8fFeiINEbX36ZdNlfU/7A9f3gUw49B3oQsvwBA==","https://registry.npmjs.org/estraverse/-/estraverse-5.3.0.tgz"
"estree-walker","3.0.3","tarballs/estree-walker-3.0.3.tgz","sha512-7RUKfXgSMMkzt6ZuXmqapOurLGPPfgj6l9uRZ7lRGolvk0y2yocc35LdcxKC5PQZdn2DMqioAQ2NoWcrTKmm6g==","https://registry.npmjs.org/estree-walker/-/estree-walker-3.0.3.tgz"
"esutils","2.0.3","tarballs/esutils-2.0.3.tgz","sha512-kVscqXk4OCp68SZ0dkgEKVi6/8ij300KBWTJq32P/dYeWTSwK41WyTxalN1eRmA5Z9UU/LX9D7FWSmV9SAYx6g==","https://registry.npmjs.org/esutils/-/esutils-2.0.3.tgz"
"events","3.3.0","tarballs/events-3.3.0.tgz","sha512-mQw+2fkQbALzQ7V0MY0IqdnXNOeTtP4r0lN9z7AAawCXgqea7bDii20AYrIBrFd/Hx0M2Ocz6S111CaFkUcb0Q==","https://registry.npmjs.org/events/-/events-3.3.0.tgz"
"fast-deep-equal","3.1.3","tarballs/fast-deep-equal-3.1.3.tgz","sha512-f3qQ9oQy9j2AhBe/H9VC91wLmKBCCU/gDOnKNAYG5hswO7BLKj09Hc5HYNz9cGI++xlpDCIgDaitVs03ATR84Q==","https://registry.npmjs.org/fast-deep-equal/-/fast-deep-equal-3.1.3.tgz"
"fast-glob","3.3.1","tarballs/fast-glob-3.3.1.tgz","sha512-kNFPyjhh5cKjrUltxs+wFx+ZkbRaxxmZ+X0ZU31SOsxCEtP9VPgtq2teZw1DebupL5GmDaNQ6yKMMVcM41iqDg==","https://registry.npmjs.org/fast-glob/-/fast-glob-3.3.1.tgz"
"fast-glob","3.3.3","tarballs/fast-glob-3.3.3.tgz","sha512-7MptL8U0cqcFdzIzwOTHoilX9x5BrNqye7Z/LuC7kCMRio1EMSyqRK3BEAUD7sXRq4iT4AzTVuZdhgQ2TCvYLg==","https://registry.npmjs.org/fast-glob/-/fast-glob-3.3.3.tgz"
"fast-json-stable-stringify","2.1.0","tarballs/fast-json-stable-stringify-2.1.0.tgz","sha512-lhd/wF+Lk98HZoTCtlVraHtfh5XYijIjalXck7saUtuanSDyLMxnHhSXEDJqHxD7msR8D0uCmqlkwjCV8xvwHw==","https://registry.npmjs.org/fast-json-stable-stringify/-/fast-json-stable-stringify-2.1.0.tgz"
"fast-levenshtein","2.0.6","tarballs/fast-levenshtein-2.0.6.tgz","sha512-DCXu6Ifhqcks7TZKY3Hxp3y6qphY5SJZmrWMDrKcERSOXWQdMhU9Ig/PYrzyw/ul9jOIyh0N4M0tbC5hodg8dw==","https://registry.npmjs.org/fast-levenshtein/-/fast-levenshtein-2.0.6.tgz"
"fast-uri","3.1.2","tarballs/fast-uri-3.1.2.tgz","sha512-rVjf7ArG3LTk+FS6Yw81V1DLuZl1bRbNrev6Tmd/9RaroeeRRJhAt7jg/6YFxbvAQXUCavSoZhPPj6oOx+5KjQ==","https://registry.npmjs.org/fast-uri/-/fast-uri-3.1.2.tgz"
"fastq","1.20.1","tarballs/fastq-1.20.1.tgz","sha512-GGToxJ/w1x32s/D2EKND7kTil4n8OVk/9mycTc4VDza13lOvpUZTGX3mFSCtV9ksdGBVzvsyAVLM6mHFThxXxw==","https://registry.npmjs.org/fastq/-/fastq-1.20.1.tgz"
"fdir","6.5.0","tarballs/fdir-6.5.0.tgz","sha512-tIbYtZbucOs0BRGqPJkshJUYdL+SDH7dVM8gjy+ERp3WAUjLEFJE+02kanyHtwjWOnwrKYBiwAmM0p4kLJAnXg==","https://registry.npmjs.org/fdir/-/fdir-6.5.0.tgz"
"fflate","0.7.4","tarballs/fflate-0.7.4.tgz","sha512-5u2V/CDW15QM1XbbgS+0DfPxVB+jUKhWEKuuFuHncbk3tEEqzmoXL+2KyOFuKGqOnmdIy0/davWF1CkuwtibCw==","https://registry.npmjs.org/fflate/-/fflate-0.7.4.tgz"
"file-entry-cache","8.0.0","tarballs/file-entry-cache-8.0.0.tgz","sha512-XXTUwCvisa5oacNGRP9SfNtYBNAMi+RPwBFmblZEF7N7swHYQS6/Zfk7SRwx4D5j3CH211YNRco1DEMNVfZCnQ==","https://registry.npmjs.org/file-entry-cache/-/file-entry-cache-8.0.0.tgz"
"fill-range","7.1.1","tarballs/fill-range-7.1.1.tgz","sha512-YsGpe3WHLK8ZYi4tWDg2Jy3ebRz2rXowDxnld4bkQB00cc/1Zw9AWnC0i9ztDJitivtQvaI9KaLyKrc+hBW0yg==","https://registry.npmjs.org/fill-range/-/fill-range-7.1.1.tgz"
"find-up","5.0.0","tarballs/find-up-5.0.0.tgz","sha512-78/PXT1wlLLDgTzDs7sjq9hzz0vXD+zn+7wypEe4fXQxCmdmqfGsEPQxmiCSQI3ajFV91bVSsvNtrJRiW6nGng==","https://registry.npmjs.org/find-up/-/find-up-5.0.0.tgz"
"flat-cache","4.0.1","tarballs/flat-cache-4.0.1.tgz","sha512-f7ccFPK3SXFHpx15UIGyRJ/FJQctuKZ0zVuN3frBo4HnK3cay9VEW0R6yPYFHC0AgqhukPzKjq22t5DmAyqGyw==","https://registry.npmjs.org/flat-cache/-/flat-cache-4.0.1.tgz"
"flatted","3.4.2","tarballs/flatted-3.4.2.tgz","sha512-PjDse7RzhcPkIJwy5t7KPWQSZ9cAbzQXcafsetQoD7sOJRQlGikNbx7yZp2OotDnJyrDcbyRq3Ttb18iYOqkxA==","https://registry.npmjs.org/flatted/-/flatted-3.4.2.tgz"
"for-each","0.3.5","tarballs/for-each-0.3.5.tgz","sha512-dKx12eRCVIzqCxFGplyFKJMPvLEWgmNtUrpTiJIR5u97zEhRG8ySrtboPHZXx7daLxQVrl643cTzbab2tkQjxg==","https://registry.npmjs.org/for-each/-/for-each-0.3.5.tgz"
"fsevents","2.3.3","tarballs/fsevents-2.3.3.tgz","sha512-5xoDfX+fL7faATnagmWPpbFtwh/R77WmMMqqHGS65C3vvB0YHrgF+B1YmZ3441tMj5n63k0212XNoJwzlhffQw==","https://registry.npmjs.org/fsevents/-/fsevents-2.3.3.tgz"
"function-bind","1.1.2","tarballs/function-bind-1.1.2.tgz","sha512-7XHNxH7qX9xG5mIwxkhumTox/MIRNcOgDrxWsMt2pAr23WHp6MrRlN7FBSFpCpr+oVO0F744iUgR82nJMfG2SA==","https://registry.npmjs.org/function-bind/-/function-bind-1.1.2.tgz"
"function.prototype.name","1.1.8","tarballs/function.prototype.name-1.1.8.tgz","sha512-e5iwyodOHhbMr/yNrc7fDYG4qlbIvI5gajyzPnb5TCwyhjApznQh1BMFou9b30SevY43gCJKXycoCBjMbsuW0Q==","https://registry.npmjs.org/function.prototype.name/-/function.prototype.name-1.1.8.tgz"
"functions-have-names","1.2.3","tarballs/functions-have-names-1.2.3.tgz","sha512-xckBUXyTIqT97tq2x2AMb+g163b5JFysYk0x4qxNFwbfQkmNZoiRHb6sPzI9/QV33WeuvVYBUIiD4NzNIyqaRQ==","https://registry.npmjs.org/functions-have-names/-/functions-have-names-1.2.3.tgz"
"generator-function","2.0.1","tarballs/generator-function-2.0.1.tgz","sha512-SFdFmIJi+ybC0vjlHN0ZGVGHc3lgE0DxPAT0djjVg+kjOnSqclqmj0KQ7ykTOLP6YxoqOvuAODGdcHJn+43q3g==","https://registry.npmjs.org/generator-function/-/generator-function-2.0.1.tgz"
"gensync","1.0.0-beta.2","tarballs/gensync-1.0.0-beta.2.tgz","sha512-3hN7NaskYvMDLQY55gnW3NQ+mesEAepTqlg+VEbj7zzqEMBVNhzcGYYeqFo/TlYz6eQiFcp1HcsCZO+nGgS8zg==","https://registry.npmjs.org/gensync/-/gensync-1.0.0-beta.2.tgz"
"get-intrinsic","1.3.0","tarballs/get-intrinsic-1.3.0.tgz","sha512-9fSjSaos/fRIVIp+xSJlE6lfwhES7LNtKaCBIamHsjr2na1BiABJPo0mOjjz8GJDURarmCPGqaiVg5mfjb98CQ==","https://registry.npmjs.org/get-intrinsic/-/get-intrinsic-1.3.0.tgz"
"get-proto","1.0.1","tarballs/get-proto-1.0.1.tgz","sha512-sTSfBjoXBp89JvIKIefqw7U2CCebsc74kiY6awiGogKtoSGbgjYE/G/+l9sF3MWFPNc9IcoOC4ODfKHfxFmp0g==","https://registry.npmjs.org/get-proto/-/get-proto-1.0.1.tgz"
"get-symbol-description","1.1.0","tarballs/get-symbol-description-1.1.0.tgz","sha512-w9UMqWwJxHNOvoNzSJ2oPF5wvYcvP7jUvYzhp67yEhTi17ZDBBC1z9pTdGuzjD+EFIqLSYRweZjqfiPzQ06Ebg==","https://registry.npmjs.org/get-symbol-description/-/get-symbol-description-1.1.0.tgz"
"get-tsconfig","4.14.0","tarballs/get-tsconfig-4.14.0.tgz","sha512-yTb+8DXzDREzgvYmh6s9vHsSVCHeC0G3PI5bEXNBHtmshPnO+S5O7qgLEOn0I5QvMy6kpZN8K1NKGyilLb93wA==","https://registry.npmjs.org/get-tsconfig/-/get-tsconfig-4.14.0.tgz"
"glob-parent","5.1.2","tarballs/glob-parent-5.1.2.tgz","sha512-AOIgSQCepiJYwP3ARnGx+5VnTu2HBYdzbGP45eLw1vr3zB3vZLeyed1sC9hnbcOc9/SrMyM5RPQrkGz4aS9Zow==","https://registry.npmjs.org/glob-parent/-/glob-parent-5.1.2.tgz"
"glob-parent","6.0.2","tarballs/glob-parent-6.0.2.tgz","sha512-XxwI8EOhVQgWp6iDL+3b0r86f4d6AX6zSU55HfB4ydCEuXLXc5FcYeOu+nnGftS4TEju/11rt4KJPTMgbfmv4A==","https://registry.npmjs.org/glob-parent/-/glob-parent-6.0.2.tgz"
"glob-to-regexp","0.4.1","tarballs/glob-to-regexp-0.4.1.tgz","sha512-lkX1HJXwyMcprw/5YUZc2s7DrpAiHB21/V+E1rHUrVNokkvB6bqMzT0VfV6/86ZNabt1k14YOIaT7nDvOX3Iiw==","https://registry.npmjs.org/glob-to-regexp/-/glob-to-regexp-0.4.1.tgz"
"globals","14.0.0","tarballs/globals-14.0.0.tgz","sha512-oahGvuMGQlPw/ivIYBjVSrWAfWLBeku5tpPE2fOPLi+WHffIWbuh2tCjhyQhTBPMf5E9jDEH4FOmTYgYwbKwtQ==","https://registry.npmjs.org/globals/-/globals-14.0.0.tgz"
"globals","16.4.0","tarballs/globals-16.4.0.tgz","sha512-ob/2LcVVaVGCYN+r14cnwnoDPUufjiYgSqRhiFD0Q1iI4Odora5RE8Iv1D24hAz5oMophRGkGz+yuvQmmUMnMw==","https://registry.npmjs.org/globals/-/globals-16.4.0.tgz"
"globalthis","1.0.4","tarballs/globalthis-1.0.4.tgz","sha512-DpLKbNU4WylpxJykQujfCcwYWiV/Jhm50Goo0wrVILAv5jOr9d+H+UR3PhSCD2rCCEIg0uc+G+muBTwD54JhDQ==","https://registry.npmjs.org/globalthis/-/globalthis-1.0.4.tgz"
"globrex","0.1.2","tarballs/globrex-0.1.2.tgz","sha512-uHJgbwAMwNFf5mLst7IWLNg14x1CkeqglJb/K3doi4dw6q2IvAAmM/Y81kevy83wP+Sst+nutFTYOGg3d1lsxg==","https://registry.npmjs.org/globrex/-/globrex-0.1.2.tgz"
"gopd","1.2.0","tarballs/gopd-1.2.0.tgz","sha512-ZUKRh6/kUFoAiTAtTYPZJ3hw9wNxx+BIBOijnlG9PnrJsCcSjs1wyyD6vJpaYtgnzDrKYRSqf3OO6Rfa93xsRg==","https://registry.npmjs.org/gopd/-/gopd-1.2.0.tgz"
"graceful-fs","4.2.11","tarballs/graceful-fs-4.2.11.tgz","sha512-RbJ5/jmFcNNCcDV5o9eTnBLJ/HszWV0P73bc+Ff4nS/rJj+YaS6IGyiOL0VoBYX+l1Wrl3k63h/KrH+nhJ0XvQ==","https://registry.npmjs.org/graceful-fs/-/graceful-fs-4.2.11.tgz"
"has-bigints","1.1.0","tarballs/has-bigints-1.1.0.tgz","sha512-R3pbpkcIqv2Pm3dUwgjclDRVmWpTJW2DcMzcIhEXEx1oh/CEMObMm3KLmRJOdvhM7o4uQBnwr8pzRK2sJWIqfg==","https://registry.npmjs.org/has-bigints/-/has-bigints-1.1.0.tgz"
"has-flag","4.0.0","tarballs/has-flag-4.0.0.tgz","sha512-EykJT/Q1KjTWctppgIAgfSO0tKVuZUjhgMr17kqTumMl6Afv3EISleU7qZUzoXDFTAHTDC4NOoG/ZxU3EvlMPQ==","https://registry.npmjs.org/has-flag/-/has-flag-4.0.0.tgz"
"has-property-descriptors","1.0.2","tarballs/has-property-descriptors-1.0.2.tgz","sha512-55JNKuIW+vq4Ke1BjOTjM2YctQIvCT7GFzHwmfZPGo5wnrgkid0YQtnAleFSqumZm4az3n2BS+erby5ipJdgrg==","https://registry.npmjs.org/has-property-descriptors/-/has-property-descriptors-1.0.2.tgz"
"has-proto","1.2.0","tarballs/has-proto-1.2.0.tgz","sha512-KIL7eQPfHQRC8+XluaIw7BHUwwqL19bQn4hzNgdr+1wXoU0KKj6rufu47lhY7KbJR2C6T6+PfyN0Ea7wkSS+qQ==","https://registry.npmjs.org/has-proto/-/has-proto-1.2.0.tgz"
"has-symbols","1.1.0","tarballs/has-symbols-1.1.0.tgz","sha512-1cDNdwJ2Jaohmb3sg4OmKaMBwuC48sYni5HUw2DvsC8LjGTLK9h+eb1X6RyuOHe4hT0ULCW68iomhjUoKUqlPQ==","https://registry.npmjs.org/has-symbols/-/has-symbols-1.1.0.tgz"
"has-tostringtag","1.0.2","tarballs/has-tostringtag-1.0.2.tgz","sha512-NqADB8VjPFLM2V0VvHUewwwsw0ZWBaIdgo+ieHtK3hasLz4qeCRjYcqfB6AQrBggRKppKF8L52/VqdVsO47Dlw==","https://registry.npmjs.org/has-tostringtag/-/has-tostringtag-1.0.2.tgz"
"hasown","2.0.4","tarballs/hasown-2.0.4.tgz","sha512-T2UbfbBEF32wiepXIsMlTW9+dDYC6wMh/t/vYA4tuOMKqWz/n3vr1NFSxQiyP+zk2mXsoMA/i/7qV6LKut1t1A==","https://registry.npmjs.org/hasown/-/hasown-2.0.4.tgz"
"hermes-estree","0.25.1","tarballs/hermes-estree-0.25.1.tgz","sha512-0wUoCcLp+5Ev5pDW2OriHC2MJCbwLwuRx+gAqMTOkGKJJiBCLjtrvy4PWUGn6MIVefecRpzoOZ/UV6iGdOr+Cw==","https://registry.npmjs.org/hermes-estree/-/hermes-estree-0.25.1.tgz"
"hermes-parser","0.25.1","tarballs/hermes-parser-0.25.1.tgz","sha512-6pEjquH3rqaI6cYAXYPcz9MS4rY6R4ngRgrgfDshRptUZIc3lw0MCIJIGDj9++mfySOuPTHB4nrSW99BCvOPIA==","https://registry.npmjs.org/hermes-parser/-/hermes-parser-0.25.1.tgz"
"hex-rgb","4.3.0","tarballs/hex-rgb-4.3.0.tgz","sha512-Ox1pJVrDCyGHMG9CFg1tmrRUMRPRsAWYc/PinY0XzJU4K7y7vjNoLKIQ7BR5UJMCxNN8EM1MNDmHWA/B3aZUuw==","https://registry.npmjs.org/hex-rgb/-/hex-rgb-4.3.0.tgz"
"ignore","5.3.2","tarballs/ignore-5.3.2.tgz","sha512-hsBTNUqQTDwkWtcdYI2i06Y/nUBEsNEDJKjWdigLvegy8kDuJAS8uRlpkkcQpyEXL0Z/pjDy5HBmMjRCJ2gq+g==","https://registry.npmjs.org/ignore/-/ignore-5.3.2.tgz"
"ignore","7.0.5","tarballs/ignore-7.0.5.tgz","sha512-Hs59xBNfUIunMFgWAbGX5cq6893IbWg4KnrjbYwX3tx0ztorVgTDA6B2sxf8ejHJ4wz8BqGUMYlnzNBer5NvGg==","https://registry.npmjs.org/ignore/-/ignore-7.0.5.tgz"
"image-size","2.0.2","tarballs/image-size-2.0.2.tgz","sha512-IRqXKlaXwgSMAMtpNzZa1ZAe8m+Sa1770Dhk8VkSsP9LS+iHD62Zd8FQKs8fbPiagBE7BzoFX23cxFnwshpV6w==","https://registry.npmjs.org/image-size/-/image-size-2.0.2.tgz"
"import-fresh","3.3.1","tarballs/import-fresh-3.3.1.tgz","sha512-TR3KfrTZTYLPB6jUjfx6MF9WcWrHL9su5TObK4ZkYgBdWKPOFoSoQIdEuTuR82pmtxH2spWG9h6etwfr1pLBqQ==","https://registry.npmjs.org/import-fresh/-/import-fresh-3.3.1.tgz"
"imurmurhash","0.1.4","tarballs/imurmurhash-0.1.4.tgz","sha512-JmXMZ6wuvDmLiHEml9ykzqO6lwFbof0GG4IkcGaENdCRDDmMVnny7s5HsIgHCbaq0w2MyPhDqkhTUgS2LU2PHA==","https://registry.npmjs.org/imurmurhash/-/imurmurhash-0.1.4.tgz"
"internal-slot","1.1.0","tarballs/internal-slot-1.1.0.tgz","sha512-4gd7VpWNQNB4UKKCFFVcp1AVv+FMOgs9NKzjHKusc8jTMhd5eL1NqQqOpE0KzMds804/yHlglp3uxgluOqAPLw==","https://registry.npmjs.org/internal-slot/-/internal-slot-1.1.0.tgz"
"ipaddr.js","2.4.0","tarballs/ipaddr.js-2.4.0.tgz","sha512-9VGk3HGanVE6JoZXHiCpnGy5X0jYDnN4EA4lntFPj+1vIWlFhIylq2CrrCOJH9EAhc5CYhq18F2Av2tgoAPsYQ==","https://registry.npmjs.org/ipaddr.js/-/ipaddr.js-2.4.0.tgz"
"is-array-buffer","3.0.5","tarballs/is-array-buffer-3.0.5.tgz","sha512-DDfANUiiG2wC1qawP66qlTugJeL5HyzMpfr8lLK+jMQirGzNod0B12cFB/9q838Ru27sBwfw78/rdoU7RERz6A==","https://registry.npmjs.org/is-array-buffer/-/is-array-buffer-3.0.5.tgz"
"is-async-function","2.1.1","tarballs/is-async-function-2.1.1.tgz","sha512-9dgM/cZBnNvjzaMYHVoxxfPj2QXt22Ev7SuuPrs+xav0ukGB0S6d4ydZdEiM48kLx5kDV+QBPrpVnFyefL8kkQ==","https://registry.npmjs.org/is-async-function/-/is-async-function-2.1.1.tgz"
"is-bigint","1.1.0","tarballs/is-bigint-1.1.0.tgz","sha512-n4ZT37wG78iz03xPRKJrHTdZbe3IicyucEtdRsV5yglwc3GyUfbAfpSeD0FJ41NbUNSt5wbhqfp1fS+BgnvDFQ==","https://registry.npmjs.org/is-bigint/-/is-bigint-1.1.0.tgz"
"is-boolean-object","1.2.2","tarballs/is-boolean-object-1.2.2.tgz","sha512-wa56o2/ElJMYqjCjGkXri7it5FbebW5usLw/nPmCMs5DeZ7eziSYZhSmPRn0txqeW4LnAmQQU7FgqLpsEFKM4A==","https://registry.npmjs.org/is-boolean-object/-/is-boolean-object-1.2.2.tgz"
"is-bun-module","2.0.0","tarballs/is-bun-module-2.0.0.tgz","sha512-gNCGbnnnnFAUGKeZ9PdbyeGYJqewpmc2aKHUEMO5nQPWU9lOmv7jcmQIv+qHD8fXW6W7qfuCwX4rY9LNRjXrkQ==","https://registry.npmjs.org/is-bun-module/-/is-bun-module-2.0.0.tgz"
"is-callable","1.2.7","tarballs/is-callable-1.2.7.tgz","sha512-1BC0BVFhS/p0qtw6enp8e+8OD0UrK0oFLztSjNzhcKA3WDuJxxAPXzPuPtKkjEY9UUoEWlX/8fgKeu2S8i9JTA==","https://registry.npmjs.org/is-callable/-/is-callable-1.2.7.tgz"
"is-core-module","2.16.2","tarballs/is-core-module-2.16.2.tgz","sha512-evOr8xfXKxE6qSR0hSXL2r3sd7ALj8+7jQEUvPYcm5sgZFdJ+AYzT6yNmJenvIYQBgIGwfwz08sL8zoL7yq2BA==","https://registry.npmjs.org/is-core-module/-/is-core-module-2.16.2.tgz"
"is-data-view","1.0.2","tarballs/is-data-view-1.0.2.tgz","sha512-RKtWF8pGmS87i2D6gqQu/l7EYRlVdfzemCJN/P3UOs//x1QE7mfhvzHIApBTRf7axvT6DMGwSwBXYCT0nfB9xw==","https://registry.npmjs.org/is-data-view/-/is-data-view-1.0.2.tgz"
"is-date-object","1.1.0","tarballs/is-date-object-1.1.0.tgz","sha512-PwwhEakHVKTdRNVOw+/Gyh0+MzlCl4R6qKvkhuvLtPMggI1WAHt9sOwZxQLSGpUaDnrdyDsomoRgNnCfKNSXXg==","https://registry.npmjs.org/is-date-object/-/is-date-object-1.1.0.tgz"
"is-extglob","2.1.1","tarballs/is-extglob-2.1.1.tgz","sha512-SbKbANkN603Vi4jEZv49LeVJMn4yGwsbzZworEoyEiutsN3nJYdbO36zfhGJ6QEDpOZIFkDtnq5JRxmvl3jsoQ==","https://registry.npmjs.org/is-extglob/-/is-extglob-2.1.1.tgz"
"is-finalizationregistry","1.1.1","tarballs/is-finalizationregistry-1.1.1.tgz","sha512-1pC6N8qWJbWoPtEjgcL2xyhQOP491EQjeUo3qTKcmV8YSDDJrOepfG8pcC7h/QgnQHYSv0mJ3Z/ZWxmatVrysg==","https://registry.npmjs.org/is-finalizationregistry/-/is-finalizationregistry-1.1.1.tgz"
"is-generator-function","1.1.2","tarballs/is-generator-function-1.1.2.tgz","sha512-upqt1SkGkODW9tsGNG5mtXTXtECizwtS2kA161M+gJPc1xdb/Ax629af6YrTwcOeQHbewrPNlE5Dx7kzvXTizA==","https://registry.npmjs.org/is-generator-function/-/is-generator-function-1.1.2.tgz"
"is-glob","4.0.3","tarballs/is-glob-4.0.3.tgz","sha512-xelSayHH36ZgE7ZWhli7pW34hNbNl8Ojv5KVmkJD4hBdD3th8Tfk9vYasLM+mXWOZhFkgZfxhLSnrwRr4elSSg==","https://registry.npmjs.org/is-glob/-/is-glob-4.0.3.tgz"
"is-map","2.0.3","tarballs/is-map-2.0.3.tgz","sha512-1Qed0/Hr2m+YqxnM09CjA2d/i6YZNfF6R2oRAOj36eUdS6qIV/huPJNSEpKbupewFs+ZsJlxsjjPbc0/afW6Lw==","https://registry.npmjs.org/is-map/-/is-map-2.0.3.tgz"
"is-negative-zero","2.0.3","tarballs/is-negative-zero-2.0.3.tgz","sha512-5KoIu2Ngpyek75jXodFvnafB6DJgr3u8uuK0LEZJjrU19DrMD3EVERaR8sjz8CCGgpZvxPl9SuE1GMVPFHx1mw==","https://registry.npmjs.org/is-negative-zero/-/is-negative-zero-2.0.3.tgz"
"is-number-object","1.1.1","tarballs/is-number-object-1.1.1.tgz","sha512-lZhclumE1G6VYD8VHe35wFaIif+CTy5SJIi5+3y4psDgWu4wPDoBhF8NxUOinEc7pHgiTsT6MaBb92rKhhD+Xw==","https://registry.npmjs.org/is-number-object/-/is-number-object-1.1.1.tgz"
"is-number","7.0.0","tarballs/is-number-7.0.0.tgz","sha512-41Cifkg6e8TylSpdtTpeLVMqvSBEVzTttHvERD741+pnZ8ANv0004MRL43QKPDlK9cGvNp6NZWZUBlbGXYxxng==","https://registry.npmjs.org/is-number/-/is-number-7.0.0.tgz"
"is-regex","1.2.1","tarballs/is-regex-1.2.1.tgz","sha512-MjYsKHO5O7mCsmRGxWcLWheFqN9DJ/2TmngvjKXihe6efViPqc274+Fx/4fYj/r03+ESvBdTXK0V6tA3rgez1g==","https://registry.npmjs.org/is-regex/-/is-regex-1.2.1.tgz"
"is-set","2.0.3","tarballs/is-set-2.0.3.tgz","sha512-iPAjerrse27/ygGLxw+EBR9agv9Y6uLeYVJMu+QNCoouJ1/1ri0mGrcWpfCqFZuzzx3WjtwxG098X+n4OuRkPg==","https://registry.npmjs.org/is-set/-/is-set-2.0.3.tgz"
"is-shared-array-buffer","1.0.4","tarballs/is-shared-array-buffer-1.0.4.tgz","sha512-ISWac8drv4ZGfwKl5slpHG9OwPNty4jOWPRIhBpxOoD+hqITiwuipOQ2bNthAzwA3B4fIjO4Nln74N0S9byq8A==","https://registry.npmjs.org/is-shared-array-buffer/-/is-shared-array-buffer-1.0.4.tgz"
"is-string","1.1.1","tarballs/is-string-1.1.1.tgz","sha512-BtEeSsoaQjlSPBemMQIrY1MY0uM6vnS1g5fmufYOtnxLGUZM2178PKbhsk7Ffv58IX+ZtcvoGwccYsh0PglkAA==","https://registry.npmjs.org/is-string/-/is-string-1.1.1.tgz"
"is-symbol","1.1.1","tarballs/is-symbol-1.1.1.tgz","sha512-9gGx6GTtCQM73BgmHQXfDmLtfjjTUDSyoxTCbp5WtoixAhfgsDirWIcVQ/IHpvI5Vgd5i/J5F7B9cN/WlVbC/w==","https://registry.npmjs.org/is-symbol/-/is-symbol-1.1.1.tgz"
"is-typed-array","1.1.15","tarballs/is-typed-array-1.1.15.tgz","sha512-p3EcsicXjit7SaskXHs1hA91QxgTw46Fv6EFKKGS5DRFLD8yKnohjF3hxoju94b/OcMZoQukzpPpBE9uLVKzgQ==","https://registry.npmjs.org/is-typed-array/-/is-typed-array-1.1.15.tgz"
"is-weakmap","2.0.2","tarballs/is-weakmap-2.0.2.tgz","sha512-K5pXYOm9wqY1RgjpL3YTkF39tni1XajUIkawTLUo9EZEVUFga5gSQJF8nNS7ZwJQ02y+1YCNYcMh+HIf1ZqE+w==","https://registry.npmjs.org/is-weakmap/-/is-weakmap-2.0.2.tgz"
"is-weakref","1.1.1","tarballs/is-weakref-1.1.1.tgz","sha512-6i9mGWSlqzNMEqpCp93KwRS1uUOodk2OJ6b+sq7ZPDSy2WuI5NFIxp/254TytR8ftefexkWn5xNiHUNpPOfSew==","https://registry.npmjs.org/is-weakref/-/is-weakref-1.1.1.tgz"
"is-weakset","2.0.4","tarballs/is-weakset-2.0.4.tgz","sha512-mfcwb6IzQyOKTs84CQMrOwW4gQcaTOAWJ0zzJCl2WSPDrWk/OzDaImWFH3djXhb24g4eudZfLRozAvPGw4d9hQ==","https://registry.npmjs.org/is-weakset/-/is-weakset-2.0.4.tgz"
"isarray","2.0.5","tarballs/isarray-2.0.5.tgz","sha512-xHjhDr3cNBK0BzdUJSPXZntQUx/mwMS5Rw4A7lPJ90XGAO6ISP/ePDNuo0vhqOZU+UD5JoodwCAAoZQd3FeAKw==","https://registry.npmjs.org/isarray/-/isarray-2.0.5.tgz"
"isexe","2.0.0","tarballs/isexe-2.0.0.tgz","sha512-RHxMLp9lnKHGHRng9QFhRCMbYAcVpn69smSGcq3f36xjgVVWThj4qqLbTLlq7Ssj8B+fIQ1EuCEGI2lKsyQeIw==","https://registry.npmjs.org/isexe/-/isexe-2.0.0.tgz"
"iterator.prototype","1.1.5","tarballs/iterator.prototype-1.1.5.tgz","sha512-H0dkQoCa3b2VEeKQBOxFph+JAbcrQdE7KC0UkqwpLmv2EC4P41QXP+rqo9wYodACiG5/WM5s9oDApTU8utwj9g==","https://registry.npmjs.org/iterator.prototype/-/iterator.prototype-1.1.5.tgz"
"jest-worker","27.5.1","tarballs/jest-worker-27.5.1.tgz","sha512-7vuh85V5cdDofPyxn58nrPjBktZo0u9x1g8WtjQol+jZDaE+fhN+cIvTj11GndBnMnyfrUOG1sZQxCdjKh+DKg==","https://registry.npmjs.org/jest-worker/-/jest-worker-27.5.1.tgz"
"jiti","2.7.0","tarballs/jiti-2.7.0.tgz","sha512-AC/7JofJvZGrrneWNaEnJeOLUx+JlGt7tNa0wZiRPT4MY1wmfKjt2+6O2p2uz2+skll8OZZmJMNqeke7kKbNgQ==","https://registry.npmjs.org/jiti/-/jiti-2.7.0.tgz"
"js-tokens","4.0.0","tarballs/js-tokens-4.0.0.tgz","sha512-RdJUflcE3cUzKiMqQgsCu06FPu9UdIJO0beYbPhHN4k6apgJtifcoCtT9bcxOpYBtpD2kCM6Sbzg4CausW/PKQ==","https://registry.npmjs.org/js-tokens/-/js-tokens-4.0.0.tgz"
"js-tokens","9.0.1","tarballs/js-tokens-9.0.1.tgz","sha512-mxa9E9ITFOt0ban3j6L5MpjwegGz6lBQmM1IJkWeBZGcMxto50+eWdjC/52xDbS2vy0k7vIMK0Fe2wfL9OQSpQ==","https://registry.npmjs.org/js-tokens/-/js-tokens-9.0.1.tgz"
"js-yaml","4.2.0","tarballs/js-yaml-4.2.0.tgz","sha512-ePWsvanv0DWuDRsW8dnt+R4jQ31SCRCQ7hhNcPXZPsoBZiemuZNYGf7adZdqX2D86j6rvKp3RpCxVTSb8WQlOw==","https://registry.npmjs.org/js-yaml/-/js-yaml-4.2.0.tgz"
"jsesc","3.1.0","tarballs/jsesc-3.1.0.tgz","sha512-/sM3dO2FOzXjKQhJuo0Q173wf2KOo8t4I8vHy6lF9poUp7bKT0/NHE8fPX23PwfhnykfqnC2xRxOnVw5XuGIaA==","https://registry.npmjs.org/jsesc/-/jsesc-3.1.0.tgz"
"json-buffer","3.0.1","tarballs/json-buffer-3.0.1.tgz","sha512-4bV5BfR2mqfQTJm+V5tPPdf+ZpuhiIvTuAB5g8kcrXOZpTT/QwwVRWBywX1ozr6lEuPdbHxwaJlm9G6mI2sfSQ==","https://registry.npmjs.org/json-buffer/-/json-buffer-3.0.1.tgz"
"json-schema-traverse","0.4.1","tarballs/json-schema-traverse-0.4.1.tgz","sha512-xbbCH5dCYU5T8LcEhhuh7HJ88HXuW3qsI3Y0zOZFKfZEHcpWiHU/Jxzk629Brsab/mMiHQti9wMP+845RPe3Vg==","https://registry.npmjs.org/json-schema-traverse/-/json-schema-traverse-0.4.1.tgz"
"json-schema-traverse","1.0.0","tarballs/json-schema-traverse-1.0.0.tgz","sha512-NM8/P9n3XjXhIZn1lLhkFaACTOURQXjWhV4BA/RnOv8xvgqtqpAX9IO4mRQxSx1Rlo4tqzeqb0sOlruaOy3dug==","https://registry.npmjs.org/json-schema-traverse/-/json-schema-traverse-1.0.0.tgz"
"json-stable-stringify-without-jsonify","1.0.1","tarballs/json-stable-stringify-without-jsonify-1.0.1.tgz","sha512-Bdboy+l7tA3OGW6FjyFHWkP5LuByj1Tk33Ljyq0axyzdk9//JSi2u3fP1QSmd1KNwq6VOKYGlAu87CisVir6Pw==","https://registry.npmjs.org/json-stable-stringify-without-jsonify/-/json-stable-stringify-without-jsonify-1.0.1.tgz"
"json5","1.0.2","tarballs/json5-1.0.2.tgz","sha512-g1MWMLBiz8FKi1e4w0UyVL3w+iJceWAFBAaBnnGKOpNa5f8TLktkbre1+s6oICydWAm+HRUGTmI+//xv2hvXYA==","https://registry.npmjs.org/json5/-/json5-1.0.2.tgz"
"json5","2.2.3","tarballs/json5-2.2.3.tgz","sha512-XmOWe7eyHYH14cLdVPoyg+GOH3rYX++KpzrylJwSW98t3Nk+U8XOl8FWKOgwtzdb8lXGf6zYwDUzeHMWfxasyg==","https://registry.npmjs.org/json5/-/json5-2.2.3.tgz"
"jsx-ast-utils","3.3.5","tarballs/jsx-ast-utils-3.3.5.tgz","sha512-ZZow9HBI5O6EPgSJLUb8n2NKgmVWTwCvHGwFuJlMjvLFqlGG6pjirPhtdsseaLZjSibD8eegzmYpUZwoIlj2cQ==","https://registry.npmjs.org/jsx-ast-utils/-/jsx-ast-utils-3.3.5.tgz"
"keyv","4.5.4","tarballs/keyv-4.5.4.tgz","sha512-oxVHkHR/EJf2CNXnWxRLW6mg7JyCCUcG0DtEGmL2ctUo1PNTin1PUil+r/+4r5MpVgC/fn1kjsx7mjSujKqIpw==","https://registry.npmjs.org/keyv/-/keyv-4.5.4.tgz"
"kleur","4.1.5","tarballs/kleur-4.1.5.tgz","sha512-o+NO+8WrRiQEE4/7nwRJhN1HWpVmJm511pBHUxPLtp0BUISzlBplORYSmTclCnJvQq2tKu/sgl3xVpkc7ZWuQQ==","https://registry.npmjs.org/kleur/-/kleur-4.1.5.tgz"
"language-subtag-registry","0.3.23","tarballs/language-subtag-registry-0.3.23.tgz","sha512-0K65Lea881pHotoGEa5gDlMxt3pctLi2RplBb7Ezh4rRdLEOtgi7n4EwK9lamnUCkKBqaeKRVebTq6BAxSkpXQ==","https://registry.npmjs.org/language-subtag-registry/-/language-subtag-registry-0.3.23.tgz"
"language-tags","1.0.9","tarballs/language-tags-1.0.9.tgz","sha512-MbjN408fEndfiQXbFQ1vnd+1NoLDsnQW41410oQBXiyXDMYH5z505juWa4KUE1LqxRC7DgOgZDbKLxHIwm27hA==","https://registry.npmjs.org/language-tags/-/language-tags-1.0.9.tgz"
"levn","0.4.1","tarballs/levn-0.4.1.tgz","sha512-+bT2uH4E5LGE7h/n3evcS/sQlJXCpIp6ym8OWJ5eV6+67Dsql/LaaT7qJBAt2rzfoa/5QBGBhxDix1dMt2kQKQ==","https://registry.npmjs.org/levn/-/levn-0.4.1.tgz"
"lightningcss-android-arm64","1.31.1","tarballs/lightningcss-android-arm64-1.31.1.tgz","sha512-HXJF3x8w9nQ4jbXRiNppBCqeZPIAfUo8zE/kOEGbW5NZvGc/K7nMxbhIr+YlFlHW5mpbg/YFPdbnCh1wAXCKFg==","https://registry.npmjs.org/lightningcss-android-arm64/-/lightningcss-android-arm64-1.31.1.tgz"
"lightningcss-android-arm64","1.32.0","tarballs/lightningcss-android-arm64-1.32.0.tgz","sha512-YK7/ClTt4kAK0vo6w3X+Pnm0D2cf2vPHbhOXdoNti1Ga0al1P4TBZhwjATvjNwLEBCnKvjJc2jQgHXH0NEwlAg==","https://registry.npmjs.org/lightningcss-android-arm64/-/lightningcss-android-arm64-1.32.0.tgz"
"lightningcss-darwin-arm64","1.31.1","tarballs/lightningcss-darwin-arm64-1.31.1.tgz","sha512-02uTEqf3vIfNMq3h/z2cJfcOXnQ0GRwQrkmPafhueLb2h7mqEidiCzkE4gBMEH65abHRiQvhdcQ+aP0D0g67sg==","https://registry.npmjs.org/lightningcss-darwin-arm64/-/lightningcss-darwin-arm64-1.31.1.tgz"
"lightningcss-darwin-arm64","1.32.0","tarballs/lightningcss-darwin-arm64-1.32.0.tgz","sha512-RzeG9Ju5bag2Bv1/lwlVJvBE3q6TtXskdZLLCyfg5pt+HLz9BqlICO7LZM7VHNTTn/5PRhHFBSjk5lc4cmscPQ==","https://registry.npmjs.org/lightningcss-darwin-arm64/-/lightningcss-darwin-arm64-1.32.0.tgz"
"lightningcss-darwin-x64","1.31.1","tarballs/lightningcss-darwin-x64-1.31.1.tgz","sha512-1ObhyoCY+tGxtsz1lSx5NXCj3nirk0Y0kB/g8B8DT+sSx4G9djitg9ejFnjb3gJNWo7qXH4DIy2SUHvpoFwfTA==","https://registry.npmjs.org/lightningcss-darwin-x64/-/lightningcss-darwin-x64-1.31.1.tgz"
"lightningcss-darwin-x64","1.32.0","tarballs/lightningcss-darwin-x64-1.32.0.tgz","sha512-U+QsBp2m/s2wqpUYT/6wnlagdZbtZdndSmut/NJqlCcMLTWp5muCrID+K5UJ6jqD2BFshejCYXniPDbNh73V8w==","https://registry.npmjs.org/lightningcss-darwin-x64/-/lightningcss-darwin-x64-1.32.0.tgz"
"lightningcss-freebsd-x64","1.31.1","tarballs/lightningcss-freebsd-x64-1.31.1.tgz","sha512-1RINmQKAItO6ISxYgPwszQE1BrsVU5aB45ho6O42mu96UiZBxEXsuQ7cJW4zs4CEodPUioj/QrXW1r9pLUM74A==","https://registry.npmjs.org/lightningcss-freebsd-x64/-/lightningcss-freebsd-x64-1.31.1.tgz"
"lightningcss-freebsd-x64","1.32.0","tarballs/lightningcss-freebsd-x64-1.32.0.tgz","sha512-JCTigedEksZk3tHTTthnMdVfGf61Fky8Ji2E4YjUTEQX14xiy/lTzXnu1vwiZe3bYe0q+SpsSH/CTeDXK6WHig==","https://registry.npmjs.org/lightningcss-freebsd-x64/-/lightningcss-freebsd-x64-1.32.0.tgz"
"lightningcss-linux-arm-gnueabihf","1.31.1","tarballs/lightningcss-linux-arm-gnueabihf-1.31.1.tgz","sha512-OOCm2//MZJ87CdDK62rZIu+aw9gBv4azMJuA8/KB74wmfS3lnC4yoPHm0uXZ/dvNNHmnZnB8XLAZzObeG0nS1g==","https://registry.npmjs.org/lightningcss-linux-arm-gnueabihf/-/lightningcss-linux-arm-gnueabihf-1.31.1.tgz"
"lightningcss-linux-arm-gnueabihf","1.32.0","tarballs/lightningcss-linux-arm-gnueabihf-1.32.0.tgz","sha512-x6rnnpRa2GL0zQOkt6rts3YDPzduLpWvwAF6EMhXFVZXD4tPrBkEFqzGowzCsIWsPjqSK+tyNEODUBXeeVHSkw==","https://registry.npmjs.org/lightningcss-linux-arm-gnueabihf/-/lightningcss-linux-arm-gnueabihf-1.32.0.tgz"
"lightningcss-linux-arm64-gnu","1.31.1","tarballs/lightningcss-linux-arm64-gnu-1.31.1.tgz","sha512-WKyLWztD71rTnou4xAD5kQT+982wvca7E6QoLpoawZ1gP9JM0GJj4Tp5jMUh9B3AitHbRZ2/H3W5xQmdEOUlLg==","https://registry.npmjs.org/lightningcss-linux-arm64-gnu/-/lightningcss-linux-arm64-gnu-1.31.1.tgz"
"lightningcss-linux-arm64-gnu","1.32.0","tarballs/lightningcss-linux-arm64-gnu-1.32.0.tgz","sha512-0nnMyoyOLRJXfbMOilaSRcLH3Jw5z9HDNGfT/gwCPgaDjnx0i8w7vBzFLFR1f6CMLKF8gVbebmkUN3fa/kQJpQ==","https://registry.npmjs.org/lightningcss-linux-arm64-gnu/-/lightningcss-linux-arm64-gnu-1.32.0.tgz"
"lightningcss-linux-arm64-musl","1.31.1","tarballs/lightningcss-linux-arm64-musl-1.31.1.tgz","sha512-mVZ7Pg2zIbe3XlNbZJdjs86YViQFoJSpc41CbVmKBPiGmC4YrfeOyz65ms2qpAobVd7WQsbW4PdsSJEMymyIMg==","https://registry.npmjs.org/lightningcss-linux-arm64-musl/-/lightningcss-linux-arm64-musl-1.31.1.tgz"
"lightningcss-linux-arm64-musl","1.32.0","tarballs/lightningcss-linux-arm64-musl-1.32.0.tgz","sha512-UpQkoenr4UJEzgVIYpI80lDFvRmPVg6oqboNHfoH4CQIfNA+HOrZ7Mo7KZP02dC6LjghPQJeBsvXhJod/wnIBg==","https://registry.npmjs.org/lightningcss-linux-arm64-musl/-/lightningcss-linux-arm64-musl-1.32.0.tgz"
"lightningcss-linux-x64-gnu","1.31.1","tarballs/lightningcss-linux-x64-gnu-1.31.1.tgz","sha512-xGlFWRMl+0KvUhgySdIaReQdB4FNudfUTARn7q0hh/V67PVGCs3ADFjw+6++kG1RNd0zdGRlEKa+T13/tQjPMA==","https://registry.npmjs.org/lightningcss-linux-x64-gnu/-/lightningcss-linux-x64-gnu-1.31.1.tgz"
"lightningcss-linux-x64-gnu","1.32.0","tarballs/lightningcss-linux-x64-gnu-1.32.0.tgz","sha512-V7Qr52IhZmdKPVr+Vtw8o+WLsQJYCTd8loIfpDaMRWGUZfBOYEJeyJIkqGIDMZPwPx24pUMfwSxxI8phr/MbOA==","https://registry.npmjs.org/lightningcss-linux-x64-gnu/-/lightningcss-linux-x64-gnu-1.32.0.tgz"
"lightningcss-linux-x64-musl","1.31.1","tarballs/lightningcss-linux-x64-musl-1.31.1.tgz","sha512-eowF8PrKHw9LpoZii5tdZwnBcYDxRw2rRCyvAXLi34iyeYfqCQNA9rmUM0ce62NlPhCvof1+9ivRaTY6pSKDaA==","https://registry.npmjs.org/lightningcss-linux-x64-musl/-/lightningcss-linux-x64-musl-1.31.1.tgz"
"lightningcss-linux-x64-musl","1.32.0","tarballs/lightningcss-linux-x64-musl-1.32.0.tgz","sha512-bYcLp+Vb0awsiXg/80uCRezCYHNg1/l3mt0gzHnWV9XP1W5sKa5/TCdGWaR/zBM2PeF/HbsQv/j2URNOiVuxWg==","https://registry.npmjs.org/lightningcss-linux-x64-musl/-/lightningcss-linux-x64-musl-1.32.0.tgz"
"lightningcss-win32-arm64-msvc","1.31.1","tarballs/lightningcss-win32-arm64-msvc-1.31.1.tgz","sha512-aJReEbSEQzx1uBlQizAOBSjcmr9dCdL3XuC/6HLXAxmtErsj2ICo5yYggg1qOODQMtnjNQv2UHb9NpOuFtYe4w==","https://registry.npmjs.org/lightningcss-win32-arm64-msvc/-/lightningcss-win32-arm64-msvc-1.31.1.tgz"
"lightningcss-win32-arm64-msvc","1.32.0","tarballs/lightningcss-win32-arm64-msvc-1.32.0.tgz","sha512-8SbC8BR40pS6baCM8sbtYDSwEVQd4JlFTOlaD3gWGHfThTcABnNDBda6eTZeqbofalIJhFx0qKzgHJmcPTnGdw==","https://registry.npmjs.org/lightningcss-win32-arm64-msvc/-/lightningcss-win32-arm64-msvc-1.32.0.tgz"
"lightningcss-win32-x64-msvc","1.31.1","tarballs/lightningcss-win32-x64-msvc-1.31.1.tgz","sha512-I9aiFrbd7oYHwlnQDqr1Roz+fTz61oDDJX7n9tYF9FJymH1cIN1DtKw3iYt6b8WZgEjoNwVSncwF4wx/ZedMhw==","https://registry.npmjs.org/lightningcss-win32-x64-msvc/-/lightningcss-win32-x64-msvc-1.31.1.tgz"
"lightningcss-win32-x64-msvc","1.32.0","tarballs/lightningcss-win32-x64-msvc-1.32.0.tgz","sha512-Amq9B/SoZYdDi1kFrojnoqPLxYhQ4Wo5XiL8EVJrVsB8ARoC1PWW6VGtT0WKCemjy8aC+louJnjS7U18x3b06Q==","https://registry.npmjs.org/lightningcss-win32-x64-msvc/-/lightningcss-win32-x64-msvc-1.32.0.tgz"
"lightningcss","1.31.1","tarballs/lightningcss-1.31.1.tgz","sha512-l51N2r93WmGUye3WuFoN5k10zyvrVs0qfKBhyC5ogUQ6Ew6JUSswh78mbSO+IU3nTWsyOArqPCcShdQSadghBQ==","https://registry.npmjs.org/lightningcss/-/lightningcss-1.31.1.tgz"
"lightningcss","1.32.0","tarballs/lightningcss-1.32.0.tgz","sha512-NXYBzinNrblfraPGyrbPoD19C1h9lfI/1mzgWYvXUTe414Gz/X1FD2XBZSZM7rRTrMA8JL3OtAaGifrIKhQ5yQ==","https://registry.npmjs.org/lightningcss/-/lightningcss-1.32.0.tgz"
"linebreak","1.1.0","tarballs/linebreak-1.1.0.tgz","sha512-MHp03UImeVhB7XZtjd0E4n6+3xr5Dq/9xI/5FptGk5FrbDR3zagPa2DS6U8ks/3HjbKWG9Q1M2ufOzxV2qLYSQ==","https://registry.npmjs.org/linebreak/-/linebreak-1.1.0.tgz"
"loader-runner","4.3.2","tarballs/loader-runner-4.3.2.tgz","sha512-DFEqQ3ihfS9blba08cLfYf1NRAIEm+dDjic073DRDc3/JspI/8wYmtDsHwd3+4hwvdxSK7PGaElfTmm0awWJ4w==","https://registry.npmjs.org/loader-runner/-/loader-runner-4.3.2.tgz"
"locate-path","6.0.0","tarballs/locate-path-6.0.0.tgz","sha512-iPZK6eYjbxRu3uB4/WZ3EsEIMJFMqAoopl3R+zuq0UjcAm/MO6KCweDgPfP3elTztoKP3KtnVHxTn2NHBSDVUw==","https://registry.npmjs.org/locate-path/-/locate-path-6.0.0.tgz"
"lodash.merge","4.6.2","tarballs/lodash.merge-4.6.2.tgz","sha512-0KpjqXRVvrYyCsX1swR/XTK0va6VQkQM6MNo7PqW77ByjAhoARA8EfrP1N4+KlKj8YS0ZUCtRT/YUuhyYDujIQ==","https://registry.npmjs.org/lodash.merge/-/lodash.merge-4.6.2.tgz"
"loose-envify","1.4.0","tarballs/loose-envify-1.4.0.tgz","sha512-lyuxPGr/Wfhrlem2CL/UcnUc1zcqKAImBDzukY7Y5F/yQiNdko6+fRLevlw1HgMySw7f611UIY408EtxRSoK3Q==","https://registry.npmjs.org/loose-envify/-/loose-envify-1.4.0.tgz"
"lru-cache","5.1.1","tarballs/lru-cache-5.1.1.tgz","sha512-KpNARQA3Iwv+jTA0utUVVbrh+Jlrr1Fv0e56GGzAFOXN7dk/FviaDW8LHmK52DlcH4WP2n6gI8vN1aesBFgo9w==","https://registry.npmjs.org/lru-cache/-/lru-cache-5.1.1.tgz"
"lucide-react","1.17.0","tarballs/lucide-react-1.17.0.tgz","sha512-9FA9evdox/JQL5PT57fdA1x/yg8T7knJ98+zjTL3UfKza6pflQUUh3XtaQIHKvnsJw1lmsEyHVlt5jchYxOQ5w==","https://registry.npmjs.org/lucide-react/-/lucide-react-1.17.0.tgz"
"magic-string","0.30.21","tarballs/magic-string-0.30.21.tgz","sha512-vd2F4YUyEXKGcLHoq+TEyCjxueSeHnFxyyjNp80yg0XV4vUhnDer/lvvlqM/arB5bXQN5K2/3oinyCRyx8T2CQ==","https://registry.npmjs.org/magic-string/-/magic-string-0.30.21.tgz"
"math-intrinsics","1.1.0","tarballs/math-intrinsics-1.1.0.tgz","sha512-/IXtbwEk5HTPyEwyKX6hGkYXxM9nbj64B+ilVJnC/R6B0pH5G4V3b0pVbL7DBj4tkhBAppbQUlf6F6Xl9LHu1g==","https://registry.npmjs.org/math-intrinsics/-/math-intrinsics-1.1.0.tgz"
"merge-stream","2.0.0","tarballs/merge-stream-2.0.0.tgz","sha512-abv/qOcuPfk3URPfDzmZU1LKmuw8kT+0nIHvKrKgFrwifol/doWcdA4ZqsWQ8ENrFKkd67Mfpo/LovbIUsbt3w==","https://registry.npmjs.org/merge-stream/-/merge-stream-2.0.0.tgz"
"merge2","1.4.1","tarballs/merge2-1.4.1.tgz","sha512-8q7VEgMJW4J8tcfVPy8g09NcQwZdbwFEqhe/WZkoIzjn/3TGDwtOCYtXGxA3O8tPzpczCCDgv+P2P5y00ZJOOg==","https://registry.npmjs.org/merge2/-/merge2-1.4.1.tgz"
"micromatch","4.0.8","tarballs/micromatch-4.0.8.tgz","sha512-PXwfBhYu0hBCPw8Dn0E+WDYb7af3dSLVWKi3HGv84IdF4TyFoC0ysxFd0Goxw7nSv4T/PzEJQxsYsEiFCKo2BA==","https://registry.npmjs.org/micromatch/-/micromatch-4.0.8.tgz"
"mime-db","1.54.0","tarballs/mime-db-1.54.0.tgz","sha512-aU5EJuIN2WDemCcAp2vFBfp/m4EAhWJnUNSSw0ixs7/kXbd6Pg64EmwJkNdFhB8aWt1sH2CTXrLxo/iAGV3oPQ==","https://registry.npmjs.org/mime-db/-/mime-db-1.54.0.tgz"
"miniflare","4.20260515.0","tarballs/miniflare-4.20260515.0.tgz","sha512-2j0oQWizk1Eu4Cm8tDX7Z+Nsjd0nebIj1TQcQ+Oy1QKeo0Ay9+bdn8wfLAtOj9znDCybDCUlnS1+nYvKXEdfNg==","https://registry.npmjs.org/miniflare/-/miniflare-4.20260515.0.tgz"
"minimatch","10.2.5","tarballs/minimatch-10.2.5.tgz","sha512-MULkVLfKGYDFYejP07QOurDLLQpcjk7Fw+7jXS2R2czRQzR56yHRveU5NDJEOviH+hETZKSkIk5c+T23GjFUMg==","https://registry.npmjs.org/minimatch/-/minimatch-10.2.5.tgz"
"minimatch","3.1.5","tarballs/minimatch-3.1.5.tgz","sha512-VgjWUsnnT6n+NUk6eZq77zeFdpW2LWDzP6zFGrCbHXiYNul5Dzqk2HHQ5uFH2DNW5Xbp8+jVzaeNt94ssEEl4w==","https://registry.npmjs.org/minimatch/-/minimatch-3.1.5.tgz"
"minimist","1.2.8","tarballs/minimist-1.2.8.tgz","sha512-2yyAR8qBkN3YuheJanUpWC5U3bb5osDywNB8RzDVlDwDHbocAJveqqj1u8+SVD7jkWT4yvsHCpWqqWqAxb0zCA==","https://registry.npmjs.org/minimist/-/minimist-1.2.8.tgz"
"ms","2.1.3","tarballs/ms-2.1.3.tgz","sha512-6FlzubTLZG3J2a/NVCAleEhjzq5oxgHyaCU9yYXvcLsvoVaHJq/s5xXI6/XXP6tz7R9xAOtHnSO/tXtF3WRTlA==","https://registry.npmjs.org/ms/-/ms-2.1.3.tgz"
"nanoid","3.3.12","tarballs/nanoid-3.3.12.tgz","sha512-ZB9RH/39qpq5Vu6Y+NmUaFhQR6pp+M2Xt76XBnEwDaGcVAqhlvxrl3B2bKS5D3NH3QR76v3aSrKaF/Kiy7lEtQ==","https://registry.npmjs.org/nanoid/-/nanoid-3.3.12.tgz"
"napi-postinstall","0.3.4","tarballs/napi-postinstall-0.3.4.tgz","sha512-PHI5f1O0EP5xJ9gQmFGMS6IZcrVvTjpXjz7Na41gTE7eE2hK11lg04CECCYEEjdc17EV4DO+fkGEtt7TpTaTiQ==","https://registry.npmjs.org/napi-postinstall/-/napi-postinstall-0.3.4.tgz"
"natural-compare","1.4.0","tarballs/natural-compare-1.4.0.tgz","sha512-OWND8ei3VtNC9h7V60qff3SVobHr996CTwgxubgyQYEpg290h9J0buyECNNJexkFm5sOajh5G116RYA1c8ZMSw==","https://registry.npmjs.org/natural-compare/-/natural-compare-1.4.0.tgz"
"neo-async","2.6.2","tarballs/neo-async-2.6.2.tgz","sha512-Yd3UES5mWCSqR+qNT93S3UoYUkqAZ9lLg8a7g9rimsWmYGK8cVToA4/sF3RrshdyV3sAGMXVUmpMYOw+dLpOuw==","https://registry.npmjs.org/neo-async/-/neo-async-2.6.2.tgz"
"next","16.2.6","tarballs/next-16.2.6.tgz","sha512-qOVgKJg1+At15NpeUP+eJgCHvTCgXsogweq87Ri/Ix7PkqQHg4sdaXmSFqKlgaIXE4kW0g25LE68W87UANlHtw==","https://registry.npmjs.org/next/-/next-16.2.6.tgz"
"node-exports-info","1.6.0","tarballs/node-exports-info-1.6.0.tgz","sha512-pyFS63ptit/P5WqUkt+UUfe+4oevH+bFeIiPPdfb0pFeYEu/1ELnJu5l+5EcTKYL5M7zaAa7S8ddywgXypqKCw==","https://registry.npmjs.org/node-exports-info/-/node-exports-info-1.6.0.tgz"
"node-releases","2.0.47","tarballs/node-releases-2.0.47.tgz","sha512-Uzmd6LXpouKo8EUK68IjH4+E01w/hXyV3R3g/geCJo+rXLNfh1xucB+LOzYEOQPSiUK3h/xZf0cQGcSsmyL2Og==","https://registry.npmjs.org/node-releases/-/node-releases-2.0.47.tgz"
"object-assign","4.1.1","tarballs/object-assign-4.1.1.tgz","sha512-rJgTQnkUnH1sFw8yT6VSU3zD3sWmu6sZhIseY8VX+GRu3P6F7Fu+JNDoXfklElbLJSnc3FUQHVe4cU5hj+BcUg==","https://registry.npmjs.org/object-assign/-/object-assign-4.1.1.tgz"
"object-inspect","1.13.4","tarballs/object-inspect-1.13.4.tgz","sha512-W67iLl4J2EXEGTbfeHCffrjDfitvLANg0UlX3wFUUSTx92KXRFegMHUVgSqE+wvhAbi4WqjGg9czysTV2Epbew==","https://registry.npmjs.org/object-inspect/-/object-inspect-1.13.4.tgz"
"object-keys","1.1.1","tarballs/object-keys-1.1.1.tgz","sha512-NuAESUOUMrlIXOfHKzD6bpPu3tYt3xvjNdRIQ+FeT0lNb4K8WR70CaDxhuNguS2XG+GjkyMwOzsN5ZktImfhLA==","https://registry.npmjs.org/object-keys/-/object-keys-1.1.1.tgz"
"object.assign","4.1.7","tarballs/object.assign-4.1.7.tgz","sha512-nK28WOo+QIjBkDduTINE4JkF/UJJKyf2EJxvJKfblDpyg0Q+pkOHNTL0Qwy6NP6FhE/EnzV73BxxqcJaXY9anw==","https://registry.npmjs.org/object.assign/-/object.assign-4.1.7.tgz"
"object.entries","1.1.9","tarballs/object.entries-1.1.9.tgz","sha512-8u/hfXFRBD1O0hPUjioLhoWFHRmt6tKA4/vZPyckBr18l1KE9uHrFaFaUi8MDRTpi4uak2goyPTSNJLXX2k2Hw==","https://registry.npmjs.org/object.entries/-/object.entries-1.1.9.tgz"
"object.fromentries","2.0.8","tarballs/object.fromentries-2.0.8.tgz","sha512-k6E21FzySsSK5a21KRADBd/NGneRegFO5pLHfdQLpRDETUNJueLXs3WCzyQ3tFRDYgbq3KHGXfTbi2bs8WQ6rQ==","https://registry.npmjs.org/object.fromentries/-/object.fromentries-2.0.8.tgz"
"object.groupby","1.0.3","tarballs/object.groupby-1.0.3.tgz","sha512-+Lhy3TQTuzXI5hevh8sBGqbmurHbbIjAi0Z4S63nthVLmLxfbj4T54a4CfZrXIrt9iP4mVAPYMo/v99taj3wjQ==","https://registry.npmjs.org/object.groupby/-/object.groupby-1.0.3.tgz"
"object.values","1.2.1","tarballs/object.values-1.2.1.tgz","sha512-gXah6aZrcUxjWg2zR2MwouP2eHlCBzdV4pygudehaKXSGW4v2AsRQUK+lwwXhii6KFZcunEnmSUoYp5CXibxtA==","https://registry.npmjs.org/object.values/-/object.values-1.2.1.tgz"
"optionator","0.9.4","tarballs/optionator-0.9.4.tgz","sha512-6IpQ7mKUxRcZNLIObR0hz7lxsapSSIYNZJwXPGeF0mTVqGKFIXj1DQcMoT22S3ROcLyY/rz0PWaWZ9ayWmad9g==","https://registry.npmjs.org/optionator/-/optionator-0.9.4.tgz"
"own-keys","1.0.1","tarballs/own-keys-1.0.1.tgz","sha512-qFOyK5PjiWZd+QQIh+1jhdb9LpxTF0qs7Pm8o5QHYZ0M3vKqSqzsZaEB6oWlxZ+q2sJBMI/Ktgd2N5ZwQoRHfg==","https://registry.npmjs.org/own-keys/-/own-keys-1.0.1.tgz"
"p-limit","3.1.0","tarballs/p-limit-3.1.0.tgz","sha512-TYOanM3wGwNGsZN2cVTYPArw454xnXj5qmWF1bEoAc4+cU/ol7GVh7odevjp1FNHduHc3KZMcFduxU5Xc6uJRQ==","https://registry.npmjs.org/p-limit/-/p-limit-3.1.0.tgz"
"p-locate","5.0.0","tarballs/p-locate-5.0.0.tgz","sha512-LaNjtRWUBY++zB5nE/NwcaoMylSPk+S+ZHNB1TzdbMJMny6dynpAGt7X/tl/QYq3TIeE6nxHppbo2LGymrG5Pw==","https://registry.npmjs.org/p-locate/-/p-locate-5.0.0.tgz"
"pako","0.2.9","tarballs/pako-0.2.9.tgz","sha512-NUcwaKxUxWrZLpDG+z/xZaCgQITkA/Dv4V/T6bw7VON6l1Xz/VnrBqrYjZQ12TamKHzITTfOEIYUj48y2KXImA==","https://registry.npmjs.org/pako/-/pako-0.2.9.tgz"
"parent-module","1.0.1","tarballs/parent-module-1.0.1.tgz","sha512-GQ2EWRpQV8/o+Aw8YqtfZZPfNRWZYkbidE9k5rpl/hC3vtHHBfGm2Ifi6qWV+coDGkrUKZAxE3Lot5kcsRlh+g==","https://registry.npmjs.org/parent-module/-/parent-module-1.0.1.tgz"
"parse-css-color","0.2.1","tarballs/parse-css-color-0.2.1.tgz","sha512-bwS/GGIFV3b6KS4uwpzCFj4w297Yl3uqnSgIPsoQkx7GMLROXfMnWvxfNkL0oh8HVhZA4hvJoEoEIqonfJ3BWg==","https://registry.npmjs.org/parse-css-color/-/parse-css-color-0.2.1.tgz"
"path-exists","4.0.0","tarballs/path-exists-4.0.0.tgz","sha512-ak9Qy5Q7jYb2Wwcey5Fpvg2KoAc/ZIhLSLOSBmRmygPsGwkVVt0fZa0qrtMz+m6tJTAHfZQ8FnmB4MG4LWy7/w==","https://registry.npmjs.org/path-exists/-/path-exists-4.0.0.tgz"
"path-key","3.1.1","tarballs/path-key-3.1.1.tgz","sha512-ojmeN0qd+y0jszEtoY48r0Peq5dwMEkIlCOu6Q5f41lfkswXuKtYrhgoTpLnyIcHm24Uhqx+5Tqm2InSwLhE6Q==","https://registry.npmjs.org/path-key/-/path-key-3.1.1.tgz"
"path-parse","1.0.7","tarballs/path-parse-1.0.7.tgz","sha512-LDJzPVEEEPR+y48z93A0Ed0yXb8pAByGWo/k5YYdYgpY2/2EsOsksJrq7lOHxryrVOn1ejG6oAp8ahvOIQD8sw==","https://registry.npmjs.org/path-parse/-/path-parse-1.0.7.tgz"
"path-to-regexp","6.3.0","tarballs/path-to-regexp-6.3.0.tgz","sha512-Yhpw4T9C6hPpgPeA28us07OJeqZ5EzQTkbfwuhsUg0c237RomFoETJgmp2sa3F/41gfLE6G5cqcYwznmeEeOlQ==","https://registry.npmjs.org/path-to-regexp/-/path-to-regexp-6.3.0.tgz"
"pathe","2.0.3","tarballs/pathe-2.0.3.tgz","sha512-WUjGcAqP1gQacoQe+OBJsFA7Ld4DyXuUIjZ5cc75cLHvJ7dtNsTugphxIADwspS+AraAUePCKrSVtPLFj/F88w==","https://registry.npmjs.org/pathe/-/pathe-2.0.3.tgz"
"picocolors","1.1.1","tarballs/picocolors-1.1.1.tgz","sha512-xceH2snhtb5M9liqDsmEw56le376mTZkEX/jEb/RxNFyegNul7eNslCXP9FDj/Lcu0X8KEyMceP2ntpaHrDEVA==","https://registry.npmjs.org/picocolors/-/picocolors-1.1.1.tgz"
"picomatch","2.3.2","tarballs/picomatch-2.3.2.tgz","sha512-V7+vQEJ06Z+c5tSye8S+nHUfI51xoXIXjHQ99cQtKUkQqqO1kO/KCJUfZXuB47h/YBlDhah2H3hdUGXn8ie0oA==","https://registry.npmjs.org/picomatch/-/picomatch-2.3.2.tgz"
"picomatch","4.0.4","tarballs/picomatch-4.0.4.tgz","sha512-QP88BAKvMam/3NxH6vj2o21R6MjxZUAd6nlwAS/pnGvN9IVLocLHxGYIzFhg6fUQ+5th6P4dv4eW9jX3DSIj7A==","https://registry.npmjs.org/picomatch/-/picomatch-4.0.4.tgz"
"possible-typed-array-names","1.1.0","tarballs/possible-typed-array-names-1.1.0.tgz","sha512-/+5VFTchJDoVj3bhoqi6UeymcD00DAwb1nJwamzPvHEszJ4FpF6SNNbUbOS8yI56qHzdV8eK0qEfOSiodkTdxg==","https://registry.npmjs.org/possible-typed-array-names/-/possible-typed-array-names-1.1.0.tgz"
"postcss-value-parser","4.2.0","tarballs/postcss-value-parser-4.2.0.tgz","sha512-1NNCs6uurfkVbeXG4S8JFT9t19m45ICnif8zWLd5oPSZ50QnwMfK+H3jv408d4jw/7Bttv5axS5IiHoLaVNHeQ==","https://registry.npmjs.org/postcss-value-parser/-/postcss-value-parser-4.2.0.tgz"
"postcss","8.4.31","tarballs/postcss-8.4.31.tgz","sha512-PS08Iboia9mts/2ygV3eLpY5ghnUcfLV/EXTOW1E2qYxJKGGBUtNjN76FYHnMs36RmARn41bC0AZmn+rR0OVpQ==","https://registry.npmjs.org/postcss/-/postcss-8.4.31.tgz"
"postcss","8.5.15","tarballs/postcss-8.5.15.tgz","sha512-FfR8sjd4em2T6fb3I2MwAJU7HWVMr9zba+enmQeeWFfCbm+UOC/0X4DS8XtpUTMwWMGbjKYP7xjfNekzyGmB3A==","https://registry.npmjs.org/postcss/-/postcss-8.5.15.tgz"
"prelude-ls","1.2.1","tarballs/prelude-ls-1.2.1.tgz","sha512-vkcDPrRZo1QZLbn5RLGPpg/WmIQ65qoWWhcGKf/b5eplkkarX0m9z8ppCat4mlOqUsWpyNuYgO3VRyrYHSzX5g==","https://registry.npmjs.org/prelude-ls/-/prelude-ls-1.2.1.tgz"
"prop-types","15.8.1","tarballs/prop-types-15.8.1.tgz","sha512-oj87CgZICdulUohogVAR7AjlC0327U4el4L6eAvOqCeudMDVU0NThNaV+b9Df4dXgSP1gXMTnPdhfe/2qDH5cg==","https://registry.npmjs.org/prop-types/-/prop-types-15.8.1.tgz"
"punycode","2.3.1","tarballs/punycode-2.3.1.tgz","sha512-vYt7UD1U9Wg6138shLtLOvdAu+8DsC/ilFtEVHcH+wydcSpNE20AfSOduf6MkRFahL5FY7X1oU7nKVZFtfq8Fg==","https://registry.npmjs.org/punycode/-/punycode-2.3.1.tgz"
"queue-microtask","1.2.3","tarballs/queue-microtask-1.2.3.tgz","sha512-NuaNSa6flKT5JaSYQzJok04JzTL1CA6aGhv5rfLW3PgqA+M2ChpZQnAC8h8i4ZFkBS8X5RqkDBHA7r4hej3K9A==","https://registry.npmjs.org/queue-microtask/-/queue-microtask-1.2.3.tgz"
"react-dom","19.2.6","tarballs/react-dom-19.2.6.tgz","sha512-0prMI+hvBbPjsWnxDLxlCGyM8PN6UuWjEUCYmZhO67xIV9Xasa/r/vDnq+Xyq4Lo27g8QSbO5YzARu0D1Sps3g==","https://registry.npmjs.org/react-dom/-/react-dom-19.2.6.tgz"
"react-is","16.13.1","tarballs/react-is-16.13.1.tgz","sha512-24e6ynE2H+OKt4kqsOvNd8kBpV65zoxbA4BVsEOB3ARVWQki/DHzaUoC5KuON/BiccDaCCTZBuOcfZs70kR8bQ==","https://registry.npmjs.org/react-is/-/react-is-16.13.1.tgz"
"react-server-dom-webpack","19.2.6","tarballs/react-server-dom-webpack-19.2.6.tgz","sha512-762YXjBPc6hw2V16k4x1sdnw0mxghcSPzoiOhefGYjiTguJLCImGBUz6EjznPIfqKhWgLtpaQMlBhp66N8dKrw==","https://registry.npmjs.org/react-server-dom-webpack/-/react-server-dom-webpack-19.2.6.tgz"
"react","19.2.6","tarballs/react-19.2.6.tgz","sha512-sfWGGfavi0xr8Pg0sVsyHMAOziVYKgPLNrS7ig+ivMNb3wbCBw3KxtflsGBAwD3gYQlE/AEZsTLgToRrSCjb0Q==","https://registry.npmjs.org/react/-/react-19.2.6.tgz"
"reflect.getprototypeof","1.0.10","tarballs/reflect.getprototypeof-1.0.10.tgz","sha512-00o4I+DVrefhv+nX0ulyi3biSHCPDe+yLv5o/p6d/UVlirijB8E16FtfwSAi4g3tcqrQ4lRAqQSoFEZJehYEcw==","https://registry.npmjs.org/reflect.getprototypeof/-/reflect.getprototypeof-1.0.10.tgz"
"regexp.prototype.flags","1.5.4","tarballs/regexp.prototype.flags-1.5.4.tgz","sha512-dYqgNSZbDwkaJ2ceRd9ojCGjBq+mOm9LmtXnAnEGyHhN/5R7iDW2TRw3h+o/jCFxus3P2LfWIIiwowAjANm7IA==","https://registry.npmjs.org/regexp.prototype.flags/-/regexp.prototype.flags-1.5.4.tgz"
"require-from-string","2.0.2","tarballs/require-from-string-2.0.2.tgz","sha512-Xf0nWe6RseziFMu+Ap9biiUbmplq6S9/p+7w7YXP/JBHhrUDDUhwa+vANyubuqfZWTveU//DYVGsDG7RKL/vEw==","https://registry.npmjs.org/require-from-string/-/require-from-string-2.0.2.tgz"
"resolve-from","4.0.0","tarballs/resolve-from-4.0.0.tgz","sha512-pb/MYmXstAkysRFx8piNI1tGFNQIFA3vkE3Gq4EuA1dF6gHp/+vgZqsCGJapvy8N3Q+4o7FwvquPJcnZ7RYy4g==","https://registry.npmjs.org/resolve-from/-/resolve-from-4.0.0.tgz"
"resolve-pkg-maps","1.0.0","tarballs/resolve-pkg-maps-1.0.0.tgz","sha512-seS2Tj26TBVOC2NIc2rOe2y2ZO7efxITtLZcGSOnHHNOQ7CkiUBfw0Iw2ck6xkIhPwLhKNLS8BO+hEpngQlqzw==","https://registry.npmjs.org/resolve-pkg-maps/-/resolve-pkg-maps-1.0.0.tgz"
"resolve","2.0.0-next.7","tarballs/resolve-2.0.0-next.7.tgz","sha512-tqt+NBWwyaMgw3zDsnygx4CByWjQEJHOPMdslYhppaQSJUtL/D4JO9CcBBlhPoI8lz9oJIDXkwXfhF4aWqP8xQ==","https://registry.npmjs.org/resolve/-/resolve-2.0.0-next.7.tgz"
"reusify","1.1.0","tarballs/reusify-1.1.0.tgz","sha512-g6QUff04oZpHs0eG5p83rFLhHeV00ug/Yf9nZM6fLeUrPguBTkTQOdpAWWspMh55TZfVQDPaN3NQJfbVRAxdIw==","https://registry.npmjs.org/reusify/-/reusify-1.1.0.tgz"
"rolldown","1.0.1","tarballs/rolldown-1.0.1.tgz","sha512-X0KQHljNnEkWNqqiz9zJrGunh1B0HgOxLXvnFpCOcadzcy5qohZ3tqMEUg00vncoRovXuK3ZqCT9KnnKzoInFQ==","https://registry.npmjs.org/rolldown/-/rolldown-1.0.1.tgz"
"run-parallel","1.2.0","tarballs/run-parallel-1.2.0.tgz","sha512-5l4VyZR86LZ/lDxZTR6jqL8AFE2S0IFLMP26AbjsLVADxHdhB/c0GUsH+y39UfCi3dzz8OlQuPmnaJOMoDHQBA==","https://registry.npmjs.org/run-parallel/-/run-parallel-1.2.0.tgz"
"safe-array-concat","1.1.4","tarballs/safe-array-concat-1.1.4.tgz","sha512-wtZlHyOje6OZTGqAoaDKxFkgRtkF9CnHAVnCHKfuj200wAgL+bSJhdsCD2l0Qx/2ekEXjPWcyKkfGb5CPboslg==","https://registry.npmjs.org/safe-array-concat/-/safe-array-concat-1.1.4.tgz"
"safe-push-apply","1.0.0","tarballs/safe-push-apply-1.0.0.tgz","sha512-iKE9w/Z7xCzUMIZqdBsp6pEQvwuEebH4vdpjcDWnyzaI6yl6O9FHvVpmGelvEHNsoY6wGblkxR6Zty/h00WiSA==","https://registry.npmjs.org/safe-push-apply/-/safe-push-apply-1.0.0.tgz"
"safe-regex-test","1.1.0","tarballs/safe-regex-test-1.1.0.tgz","sha512-x/+Cz4YrimQxQccJf5mKEbIa1NzeCRNI5Ecl/ekmlYaampdNLPalVyIcCZNNH3MvmqBugV5TMYZXv0ljslUlaw==","https://registry.npmjs.org/safe-regex-test/-/safe-regex-test-1.1.0.tgz"
"satori","0.16.0","tarballs/satori-0.16.0.tgz","sha512-ZvHN3ygzZ8FuxjSNB+mKBiF/NIoqHzlBGbD0MJiT+MvSsFOvotnWOhdTjxKzhHRT2wPC1QbhLzx2q/Y83VhfYQ==","https://registry.npmjs.org/satori/-/satori-0.16.0.tgz"
"scheduler","0.27.0","tarballs/scheduler-0.27.0.tgz","sha512-eNv+WrVbKu1f3vbYJT/xtiF5syA5HPIMtf9IgY/nKg0sWqzAUEvqY/xm7OcZc/qafLx/iO9FgOmeSAp4v5ti/Q==","https://registry.npmjs.org/scheduler/-/scheduler-0.27.0.tgz"
"schema-utils","4.3.3","tarballs/schema-utils-4.3.3.tgz","sha512-eflK8wEtyOE6+hsaRVPxvUKYCpRgzLqDTb8krvAsRIwOGlHoSgYLgBXoubGgLd2fT41/OUYdb48v4k4WWHQurA==","https://registry.npmjs.org/schema-utils/-/schema-utils-4.3.3.tgz"
"semver","6.3.1","tarballs/semver-6.3.1.tgz","sha512-BR7VvDCVHO+q2xBEWskxS6DJE1qRnb7DxzUrogb71CWoSficBxYsiAGd+Kl0mmq/MprG9yArRkyrQxTO6XjMzA==","https://registry.npmjs.org/semver/-/semver-6.3.1.tgz"
"semver","7.8.2","tarballs/semver-7.8.2.tgz","sha512-c8jsqUZm3omBOI66G90z1Dyw5z622G8oLG+omfsHBJf3CWQTlOcwOjvOG6wtiNfW6anKm/eA39LMwMtMez2TiQ==","https://registry.npmjs.org/semver/-/semver-7.8.2.tgz"
"set-function-length","1.2.2","tarballs/set-function-length-1.2.2.tgz","sha512-pgRc4hJ4/sNjWCSS9AmnS40x3bNMDTknHgL5UaMBTMyJnU90EgWh1Rz+MC9eFu4BuN/UwZjKQuY/1v3rM7HMfg==","https://registry.npmjs.org/set-function-length/-/set-function-length-1.2.2.tgz"
"set-function-name","2.0.2","tarballs/set-function-name-2.0.2.tgz","sha512-7PGFlmtwsEADb0WYyvCMa1t+yke6daIG4Wirafur5kcf+MhUnPms1UeR0CKQdTZD81yESwMHbtn+TR+dMviakQ==","https://registry.npmjs.org/set-function-name/-/set-function-name-2.0.2.tgz"
"set-proto","1.0.0","tarballs/set-proto-1.0.0.tgz","sha512-RJRdvCo6IAnPdsvP/7m6bsQqNnn1FCBX5ZNtFL98MmFF/4xAIJTIg1YbHW5DC2W5SKZanrC6i4HsJqlajw/dZw==","https://registry.npmjs.org/set-proto/-/set-proto-1.0.0.tgz"
"sharp","0.34.5","tarballs/sharp-0.34.5.tgz","sha512-Ou9I5Ft9WNcCbXrU9cMgPBcCK8LiwLqcbywW3t4oDV37n1pzpuNLsYiAV8eODnjbtQlSDwZ2cUEeQz4E54Hltg==","https://registry.npmjs.org/sharp/-/sharp-0.34.5.tgz"
"shebang-command","2.0.0","tarballs/shebang-command-2.0.0.tgz","sha512-kHxr2zZpYtdmrN1qDjrrX/Z1rR1kG8Dx+gkpK1G4eXmvXswmcE1hTWBWYUzlraYw1/yZp6YuDY77YtvbN0dmDA==","https://registry.npmjs.org/shebang-command/-/shebang-command-2.0.0.tgz"
"shebang-regex","3.0.0","tarballs/shebang-regex-3.0.0.tgz","sha512-7++dFhtcx3353uBaq8DDR4NuxBetBzC7ZQOhmTQInHEd6bSrXdiEyzCvG07Z44UYdLShWUyXt5M/yhz8ekcb1A==","https://registry.npmjs.org/shebang-regex/-/shebang-regex-3.0.0.tgz"
"side-channel-list","1.0.1","tarballs/side-channel-list-1.0.1.tgz","sha512-mjn/0bi/oUURjc5Xl7IaWi/OJJJumuoJFQJfDDyO46+hBWsfaVM65TBHq2eoZBhzl9EchxOijpkbRC8SVBQU0w==","https://registry.npmjs.org/side-channel-list/-/side-channel-list-1.0.1.tgz"
"side-channel-map","1.0.1","tarballs/side-channel-map-1.0.1.tgz","sha512-VCjCNfgMsby3tTdo02nbjtM/ewra6jPHmpThenkTYh8pG9ucZ/1P8So4u4FGBek/BjpOVsDCMoLA/iuBKIFXRA==","https://registry.npmjs.org/side-channel-map/-/side-channel-map-1.0.1.tgz"
"side-channel-weakmap","1.0.2","tarballs/side-channel-weakmap-1.0.2.tgz","sha512-WPS/HvHQTYnHisLo9McqBHOJk2FkHO/tlpvldyrnem4aeQp4hai3gythswg6p01oSoTl58rcpiFAjF2br2Ak2A==","https://registry.npmjs.org/side-channel-weakmap/-/side-channel-weakmap-1.0.2.tgz"
"side-channel","1.1.0","tarballs/side-channel-1.1.0.tgz","sha512-ZX99e6tRweoUXqR+VBrslhda51Nh5MTQwou5tnUDgbtyM0dBgmhEDtWGP/xbKn6hqfPRHujUNwz5fy/wbbhnpw==","https://registry.npmjs.org/side-channel/-/side-channel-1.1.0.tgz"
"source-map-js","1.2.1","tarballs/source-map-js-1.2.1.tgz","sha512-UXWMKhLOwVKb728IUtQPXxfYU+usdybtUrK/8uGE8CQMvrhOpwvzDBwj0QhSL7MQc7vIsISBG8VQ8+IDQxpfQA==","https://registry.npmjs.org/source-map-js/-/source-map-js-1.2.1.tgz"
"source-map-support","0.5.21","tarballs/source-map-support-0.5.21.tgz","sha512-uBHU3L3czsIyYXKX88fdrGovxdSCoTGDRZ6SYXtSRxLZUzHg5P/66Ht6uoUlHu9EZod+inXhKo3qQgwXUT/y1w==","https://registry.npmjs.org/source-map-support/-/source-map-support-0.5.21.tgz"
"source-map","0.6.1","tarballs/source-map-0.6.1.tgz","sha512-UjgapumWlbMhkBgzT7Ykc5YXUT46F0iKu8SGXq0bcwP5dz/h0Plj6enJqjz1Zbq2l5WaqYnrVbwWOWMyF3F47g==","https://registry.npmjs.org/source-map/-/source-map-0.6.1.tgz"
"srvx","0.11.16","tarballs/srvx-0.11.16.tgz","sha512-bp07zRuycfTY43IjAvvTFnmnJi8ikW0VFiHwOhhYcVW/L4xQ1XY4PAd4Nuum1rsA17C39zL7x+CDhrn5AL32Rw==","https://registry.npmjs.org/srvx/-/srvx-0.11.16.tgz"
"stable-hash","0.0.5","tarballs/stable-hash-0.0.5.tgz","sha512-+L3ccpzibovGXFK+Ap/f8LOS0ahMrHTf3xu7mMLSpEGU0EO9ucaysSylKo9eRDFNhWve/y275iPmIZ4z39a9iA==","https://registry.npmjs.org/stable-hash/-/stable-hash-0.0.5.tgz"
"stop-iteration-iterator","1.1.0","tarballs/stop-iteration-iterator-1.1.0.tgz","sha512-eLoXW/DHyl62zxY4SCaIgnRhuMr6ri4juEYARS8E6sCEqzKpOiE521Ucofdx+KnDZl5xmvGYaaKCk5FEOxJCoQ==","https://registry.npmjs.org/stop-iteration-iterator/-/stop-iteration-iterator-1.1.0.tgz"
"string.prototype.codepointat","0.2.1","tarballs/string.prototype.codepointat-0.2.1.tgz","sha512-2cBVCj6I4IOvEnjgO/hWqXjqBGsY+zwPmHl12Srk9IXSZ56Jwwmy+66XO5Iut/oQVR7t5ihYdLB0GMa4alEUcg==","https://registry.npmjs.org/string.prototype.codepointat/-/string.prototype.codepointat-0.2.1.tgz"
"string.prototype.includes","2.0.1","tarballs/string.prototype.includes-2.0.1.tgz","sha512-o7+c9bW6zpAdJHTtujeePODAhkuicdAryFsfVKwA+wGw89wJ4GTY484WTucM9hLtDEOpOvI+aHnzqnC5lHp4Rg==","https://registry.npmjs.org/string.prototype.includes/-/string.prototype.includes-2.0.1.tgz"
"string.prototype.matchall","4.0.12","tarballs/string.prototype.matchall-4.0.12.tgz","sha512-6CC9uyBL+/48dYizRf7H7VAYCMCNTBeM78x/VTUe9bFEaxBepPJDa1Ow99LqI/1yF7kuy7Q3cQsYMrcjGUcskA==","https://registry.npmjs.org/string.prototype.matchall/-/string.prototype.matchall-4.0.12.tgz"
"string.prototype.repeat","1.0.0","tarballs/string.prototype.repeat-1.0.0.tgz","sha512-0u/TldDbKD8bFCQ/4f5+mNRrXwZ8hg2w7ZR8wa16e8z9XpePWl3eGEcUD0OXpEH/VJH/2G3gjUtR3ZOiBe2S/w==","https://registry.npmjs.org/string.prototype.repeat/-/string.prototype.repeat-1.0.0.tgz"
"string.prototype.trim","1.2.10","tarballs/string.prototype.trim-1.2.10.tgz","sha512-Rs66F0P/1kedk5lyYyH9uBzuiI/kNRmwJAR9quK6VOtIpZ2G+hMZd+HQbbv25MgCA6gEffoMZYxlTod4WcdrKA==","https://registry.npmjs.org/string.prototype.trim/-/string.prototype.trim-1.2.10.tgz"
"string.prototype.trimend","1.0.9","tarballs/string.prototype.trimend-1.0.9.tgz","sha512-G7Ok5C6E/j4SGfyLCloXTrngQIQU3PWtXGst3yM7Bea9FRURf1S42ZHlZZtsNque2FN2PoUhfZXYLNWwEr4dLQ==","https://registry.npmjs.org/string.prototype.trimend/-/string.prototype.trimend-1.0.9.tgz"
"string.prototype.trimstart","1.0.8","tarballs/string.prototype.trimstart-1.0.8.tgz","sha512-UXSH262CSZY1tfu3G3Secr6uGLCFVPMhIqHjlgCUtCCcgihYc/xKs9djMTMUOb2j1mVSeU8EU6NWc/iQKU6Gfg==","https://registry.npmjs.org/string.prototype.trimstart/-/string.prototype.trimstart-1.0.8.tgz"
"strip-bom","3.0.0","tarballs/strip-bom-3.0.0.tgz","sha512-vavAMRXOgBVNF6nyEEmL3DBK19iRpDcoIwW+swQ+CbGiu7lju6t+JklA1MHweoWtadgt4ISVUsXLyDq34ddcwA==","https://registry.npmjs.org/strip-bom/-/strip-bom-3.0.0.tgz"
"strip-json-comments","3.1.1","tarballs/strip-json-comments-3.1.1.tgz","sha512-6fPc+R4ihwqP6N/aIv2f1gMH8lOVtWQHoqC4yK6oSDVVocumAsfCqjkXnqiYMhmMwS/mEHLp7Vehlt3ql6lEig==","https://registry.npmjs.org/strip-json-comments/-/strip-json-comments-3.1.1.tgz"
"strip-literal","3.1.0","tarballs/strip-literal-3.1.0.tgz","sha512-8r3mkIM/2+PpjHoOtiAW8Rg3jJLHaV7xPwG+YRGrv6FP0wwk/toTpATxWYOW0BKdWwl82VT2tFYi5DlROa0Mxg==","https://registry.npmjs.org/strip-literal/-/strip-literal-3.1.0.tgz"
"styled-jsx","5.1.6","tarballs/styled-jsx-5.1.6.tgz","sha512-qSVyDTeMotdvQYoHWLNGwRFJHC+i+ZvdBRYosOFgC+Wg1vx4frN2/RG/NA7SYqqvKNLf39P2LSRA2pu6n0XYZA==","https://registry.npmjs.org/styled-jsx/-/styled-jsx-5.1.6.tgz"
"supports-color","10.2.2","tarballs/supports-color-10.2.2.tgz","sha512-SS+jx45GF1QjgEXQx4NJZV9ImqmO2NPz5FNsIHrsDjh2YsHnawpan7SNQ1o8NuhrbHZy9AZhIoCUiCeaW/C80g==","https://registry.npmjs.org/supports-color/-/supports-color-10.2.2.tgz"
"supports-color","7.2.0","tarballs/supports-color-7.2.0.tgz","sha512-qpCAvRl9stuOHveKsn7HncJRvv501qIacKzQlO/+Lwxc9+0q2wLyv4Dfvt80/DPn2pqOBsJdDiogXGR9+OvwRw==","https://registry.npmjs.org/supports-color/-/supports-color-7.2.0.tgz"
"supports-color","8.1.1","tarballs/supports-color-8.1.1.tgz","sha512-MpUEN2OodtUzxvKQl72cUF7RQ5EiHsGvSsVG0ia9c5RbWGL2CI4C7EpPS8UTBIplnlzZiNuV56w+FuNxy3ty2Q==","https://registry.npmjs.org/supports-color/-/supports-color-8.1.1.tgz"
"supports-preserve-symlinks-flag","1.0.0","tarballs/supports-preserve-symlinks-flag-1.0.0.tgz","sha512-ot0WnXS9fgdkgIcePe6RHNk1WA8+muPa6cSjeR3V8K27q9BB1rTE3R1p7Hv0z1ZyAc8s6Vvv8DIyWf681MAt0w==","https://registry.npmjs.org/supports-preserve-symlinks-flag/-/supports-preserve-symlinks-flag-1.0.0.tgz"
"tailwindcss","4.2.1","tarballs/tailwindcss-4.2.1.tgz","sha512-/tBrSQ36vCleJkAOsy9kbNTgaxvGbyOamC30PRePTQe/o1MFwEKHQk4Cn7BNGaPtjp+PuUrByJehM1hgxfq4sw==","https://registry.npmjs.org/tailwindcss/-/tailwindcss-4.2.1.tgz"
"tapable","2.3.3","tarballs/tapable-2.3.3.tgz","sha512-uxc/zpqFg6x7C8vOE7lh6Lbda8eEL9zmVm/PLeTPBRhh1xCgdWaQ+J1CUieGpIfm2HdtsUpRv+HshiasBMcc6A==","https://registry.npmjs.org/tapable/-/tapable-2.3.3.tgz"
"terser-webpack-plugin","5.6.1","tarballs/terser-webpack-plugin-5.6.1.tgz","sha512-201R5j+sJpK8nFWwKVyNfZot8FaJbLZDq5evriVzbV1wDtSXDjRUDRfJzHpAaxFDMEhsZL1QkeqM61wgsS3KaQ==","https://registry.npmjs.org/terser-webpack-plugin/-/terser-webpack-plugin-5.6.1.tgz"
"terser","5.48.0","tarballs/terser-5.48.0.tgz","sha512-J/9An6vs9Us6wKRriSFXBWdRZapREHqFzdNUKk0pmu804EMR6dr6winwo7e5JDxN4xahxQsuysyYFwlwj4XN/Q==","https://registry.npmjs.org/terser/-/terser-5.48.0.tgz"
"tiny-inflate","1.0.3","tarballs/tiny-inflate-1.0.3.tgz","sha512-pkY1fj1cKHb2seWDy0B16HeWyczlJA9/WW3u3c4z/NiWDsO3DOU5D7nhTLE9CF0yXv/QZFY7sEJmj24dK+Rrqw==","https://registry.npmjs.org/tiny-inflate/-/tiny-inflate-1.0.3.tgz"
"tinyglobby","0.2.17","tarballs/tinyglobby-0.2.17.tgz","sha512-wXR/dYpcqKmfWpEdZjiKJOwCNFndD0DMnrW/cYjVGttEkBfVgcLFHoNrlj47mjOVic9yyNu65alsgF4NQyTa2g==","https://registry.npmjs.org/tinyglobby/-/tinyglobby-0.2.17.tgz"
"to-regex-range","5.0.1","tarballs/to-regex-range-5.0.1.tgz","sha512-65P7iz6X5yEr1cwcgvQxbbIw7Uk3gOy5dIdtZ4rDveLqhrdJP+Li/Hx6tyK0NEb+2GCyneCMJiGqrADCSNk8sQ==","https://registry.npmjs.org/to-regex-range/-/to-regex-range-5.0.1.tgz"
"ts-api-utils","2.5.0","tarballs/ts-api-utils-2.5.0.tgz","sha512-OJ/ibxhPlqrMM0UiNHJ/0CKQkoKF243/AEmplt3qpRgkW8VG7IfOS41h7V8TjITqdByHzrjcS/2si+y4lIh8NA==","https://registry.npmjs.org/ts-api-utils/-/ts-api-utils-2.5.0.tgz"
"tsconfck","3.1.6","tarballs/tsconfck-3.1.6.tgz","sha512-ks6Vjr/jEw0P1gmOVwutM3B7fWxoWBL2KRDb1JfqGVawBmO5UsvmWOQFGHBPl5yxYz4eERr19E6L7NMv+Fej4w==","https://registry.npmjs.org/tsconfck/-/tsconfck-3.1.6.tgz"
"tsconfig-paths","3.15.0","tarballs/tsconfig-paths-3.15.0.tgz","sha512-2Ac2RgzDe/cn48GvOe3M+o82pEFewD3UPbyoUHHdKasHwJKjds4fLXWf/Ux5kATBKN20oaFGu+jbElp1pos0mg==","https://registry.npmjs.org/tsconfig-paths/-/tsconfig-paths-3.15.0.tgz"
"tslib","2.8.1","tarballs/tslib-2.8.1.tgz","sha512-oJFu94HQb+KVduSUQL7wnpmqnfmLsOA/nAh6b6EH0wCEoK0/mPeXU6c3wKDV83MkOuHPRHtSXKKU99IBazS/2w==","https://registry.npmjs.org/tslib/-/tslib-2.8.1.tgz"
"tsx","4.22.4","tarballs/tsx-4.22.4.tgz","sha512-X8EX+XV4QR5xCsrgxaED954zTDfY8KqlDtskKEL0cHhyS/P8b4IFOvGDQpsC9Q1XnLq915wEfwwY/zzskCtmhg==","https://registry.npmjs.org/tsx/-/tsx-4.22.4.tgz"
"turbo-stream","3.2.0","tarballs/turbo-stream-3.2.0.tgz","sha512-EK+bZ9UVrVh7JLslVFOV0GEMsociOqVOvEMTAd4ixMyffN5YNIEdLZWXUx5PJqDbTxSIBWw04HS9gCY4frYQDQ==","https://registry.npmjs.org/turbo-stream/-/turbo-stream-3.2.0.tgz"
"type-check","0.4.0","tarballs/type-check-0.4.0.tgz","sha512-XleUoc9uwGXqjWwXaUTZAmzMcFZ5858QA2vvx1Ur5xIcixXIP+8LnFDgRplU30us6teqdlskFfu+ae4K79Ooew==","https://registry.npmjs.org/type-check/-/type-check-0.4.0.tgz"
"typed-array-buffer","1.0.3","tarballs/typed-array-buffer-1.0.3.tgz","sha512-nAYYwfY3qnzX30IkA6AQZjVbtK6duGontcQm1WSG1MD94YLqK0515GNApXkoxKOWMusVssAHWLh9SeaoefYFGw==","https://registry.npmjs.org/typed-array-buffer/-/typed-array-buffer-1.0.3.tgz"
"typed-array-byte-length","1.0.3","tarballs/typed-array-byte-length-1.0.3.tgz","sha512-BaXgOuIxz8n8pIq3e7Atg/7s+DpiYrxn4vdot3w9KbnBhcRQq6o3xemQdIfynqSeXeDrF32x+WvfzmOjPiY9lg==","https://registry.npmjs.org/typed-array-byte-length/-/typed-array-byte-length-1.0.3.tgz"
"typed-array-byte-offset","1.0.4","tarballs/typed-array-byte-offset-1.0.4.tgz","sha512-bTlAFB/FBYMcuX81gbL4OcpH5PmlFHqlCCpAl8AlEzMz5k53oNDvN8p1PNOWLEmI2x4orp3raOFB51tv9X+MFQ==","https://registry.npmjs.org/typed-array-byte-offset/-/typed-array-byte-offset-1.0.4.tgz"
"typed-array-length","1.0.8","tarballs/typed-array-length-1.0.8.tgz","sha512-phPGCwqr2+Qo0fwniCE8e4pKnGu/yFb5nD5Y8bf0EEeiI5GklnACYA9GFy/DrAeRrKHXvHn+1SUsOWgJp6RO+g==","https://registry.npmjs.org/typed-array-length/-/typed-array-length-1.0.8.tgz"
"typescript-eslint","8.60.1","tarballs/typescript-eslint-8.60.1.tgz","sha512-6m5hkkRAp8lKvhVpcprAIn5KkehQEh+47oHH2VGnExEh7dhNxXlg6GPAOIu6TxbVQxhebrJDvjl3020ooiWCMA==","https://registry.npmjs.org/typescript-eslint/-/typescript-eslint-8.60.1.tgz"
"typescript","5.9.3","tarballs/typescript-5.9.3.tgz","sha512-jl1vZzPDinLr9eUt3J/t7V6FgNEw9QjvBPdysz9KfQDD41fQrC2Y4vKQdiaUpFT4bXlb1RHhLpp8wtm6M5TgSw==","https://registry.npmjs.org/typescript/-/typescript-5.9.3.tgz"
"unbox-primitive","1.1.0","tarballs/unbox-primitive-1.1.0.tgz","sha512-nWJ91DjeOkej/TA8pXQ3myruKpKEYgqvpw9lz4OPHj/NWFNluYrjbz9j01CJ8yKQd2g4jFoOkINCTW2I5LEEyw==","https://registry.npmjs.org/unbox-primitive/-/unbox-primitive-1.1.0.tgz"
"undici-types","6.21.0","tarballs/undici-types-6.21.0.tgz","sha512-iwDZqg0QAGrg9Rav5H4n0M64c3mkR59cJ6wQp+7C4nI0gsmExaedaYLNO44eT4AtBBwjbTiGPMlt2Md0T9H9JQ==","https://registry.npmjs.org/undici-types/-/undici-types-6.21.0.tgz"
"undici","7.24.8","tarballs/undici-7.24.8.tgz","sha512-6KQ/+QxK49Z/p3HO6E5ZCZWNnCasyZLa5ExaVYyvPxUwKtbCPMKELJOqh7EqOle0t9cH/7d2TaaTRRa6Nhs4YQ==","https://registry.npmjs.org/undici/-/undici-7.24.8.tgz"
"unenv","2.0.0-rc.24","tarballs/unenv-2.0.0-rc.24.tgz","sha512-i7qRCmY42zmCwnYlh9H2SvLEypEFGye5iRmEMKjcGi7zk9UquigRjFtTLz0TYqr0ZGLZhaMHl/foy1bZR+Cwlw==","https://registry.npmjs.org/unenv/-/unenv-2.0.0-rc.24.tgz"
"unicode-trie","2.0.0","tarballs/unicode-trie-2.0.0.tgz","sha512-x7bc76x0bm4prf1VLg79uhAzKw8DVboClSN5VxJuQ+LKDOVEW9CdH+VY7SP+vX7xCYQqzzgQpFqz15zeLvAtZQ==","https://registry.npmjs.org/unicode-trie/-/unicode-trie-2.0.0.tgz"
"unpic","4.2.2","tarballs/unpic-4.2.2.tgz","sha512-z6T2ScMgRV2y2H8MwwhY5xHZWXhUx/YxtOCGJwfURSl7ypVy4HpLIMWoIZKnnxQa/RKzM0kg8hUh0paIrpLfvw==","https://registry.npmjs.org/unpic/-/unpic-4.2.2.tgz"
"unrs-resolver","1.12.2","tarballs/unrs-resolver-1.12.2.tgz","sha512-dmlRxBJJayXjqTwC+JtF1HhJmgf3ftQ3YejFcZrf4+KKtJv0qDsK1pjqaaVjG7wJ5NJ6UVP1OqRMQ71Z4C3rxQ==","https://registry.npmjs.org/unrs-resolver/-/unrs-resolver-1.12.2.tgz"
"update-browserslist-db","1.2.3","tarballs/update-browserslist-db-1.2.3.tgz","sha512-Js0m9cx+qOgDxo0eMiFGEueWztz+d4+M3rGlmKPT+T4IS/jP4ylw3Nwpu6cpTTP8R1MAC1kF4VbdLt3ARf209w==","https://registry.npmjs.org/update-browserslist-db/-/update-browserslist-db-1.2.3.tgz"
"uri-js","4.4.1","tarballs/uri-js-4.4.1.tgz","sha512-7rKUyy33Q1yc98pQ1DAmLtwX109F7TIfWlW1Ydo8Wl1ii1SeHieeh0HHfPeL2fMXK6z0s8ecKs9frCuLJvndBg==","https://registry.npmjs.org/uri-js/-/uri-js-4.4.1.tgz"
"vinext","0.0.50","tarballs/vinext-0.0.50.tgz","sha512-uo72YNnq94NtogETWnhMdFSrkMLwWgeXh5PS6qh8ksajuvAaZX50bXYJ4a6dERQ/AnnXAlNByAGHCjjNxQrvig==","https://registry.npmjs.org/vinext/-/vinext-0.0.50.tgz"
"vite-plugin-commonjs","0.10.4","tarballs/vite-plugin-commonjs-0.10.4.tgz","sha512-eWQuvQKCcx0QYB5e5xfxBNjQKyrjEWZIR9UOkOV6JAgxVhtbZvCOF+FNC2ZijBJ3U3Px04ZMMyyMyFBVWIJ5+g==","https://registry.npmjs.org/vite-plugin-commonjs/-/vite-plugin-commonjs-0.10.4.tgz"
"vite-plugin-dynamic-import","1.6.0","tarballs/vite-plugin-dynamic-import-1.6.0.tgz","sha512-TM0sz70wfzTIo9YCxVFwS8OA9lNREsh+0vMHGSkWDTZ7bgd1Yjs5RV8EgB634l/91IsXJReg0xtmuQqP0mf+rg==","https://registry.npmjs.org/vite-plugin-dynamic-import/-/vite-plugin-dynamic-import-1.6.0.tgz"
"vite-tsconfig-paths","6.1.1","tarballs/vite-tsconfig-paths-6.1.1.tgz","sha512-2cihq7zliibCCZ8P9cKJrQBkfgdvcFkOOc3Y02o3GWUDLgqjWsZudaoiuOwO/gzTzy17cS5F7ZPo4bsnS4DGkg==","https://registry.npmjs.org/vite-tsconfig-paths/-/vite-tsconfig-paths-6.1.1.tgz"
"vite","8.0.13","tarballs/vite-8.0.13.tgz","sha512-MFtjBYgzmSxmgA4RAfjIyXWpGe1oALnjgUTzzV7QLx/TKxCzjtMH6Fd9/eVK+5Fg1qNoz5VAwsmMs/NofrmJvw==","https://registry.npmjs.org/vite/-/vite-8.0.13.tgz"
"vitefu","1.1.3","tarballs/vitefu-1.1.3.tgz","sha512-ub4okH7Z5KLjb6hDyjqrGXqWtWvoYdU3IGm/NorpgHncKoLTCfRIbvlhBm7r0YstIaQRYlp4yEbFqDcKSzXSSg==","https://registry.npmjs.org/vitefu/-/vitefu-1.1.3.tgz"
"watchpack","2.5.1","tarballs/watchpack-2.5.1.tgz","sha512-Zn5uXdcFNIA1+1Ei5McRd+iRzfhENPCe7LeABkJtNulSxjma+l7ltNx55BWZkRlwRnpOgHqxnjyaDgJnNXnqzg==","https://registry.npmjs.org/watchpack/-/watchpack-2.5.1.tgz"
"web-vitals","4.2.4","tarballs/web-vitals-4.2.4.tgz","sha512-r4DIlprAGwJ7YM11VZp4R884m0Vmgr6EAKe3P+kO0PPj3Unqyvv59rczf6UiGcb9Z8QxZVcqKNwv/g0WNdWwsw==","https://registry.npmjs.org/web-vitals/-/web-vitals-4.2.4.tgz"
"webpack-sources","3.5.0","tarballs/webpack-sources-3.5.0.tgz","sha512-HPuy+uuoTCaaoEoI1LQ3JN9+vrPBvEesnnX1jADHy728cHSMlq4wUc4afYqahq2B1mhQVZxCXOkNTnXltr+2vQ==","https://registry.npmjs.org/webpack-sources/-/webpack-sources-3.5.0.tgz"
"webpack","5.107.2","tarballs/webpack-5.107.2.tgz","sha512-v7RhXaJbpMlV0D7hC7lb2EbnxkoeUqf9qhKr6lozx3Q48pmFrqqNRmZFUEGmi7pSwm6fCQ2H1IjvCkHqdpVdjQ==","https://registry.npmjs.org/webpack/-/webpack-5.107.2.tgz"
"which-boxed-primitive","1.1.1","tarballs/which-boxed-primitive-1.1.1.tgz","sha512-TbX3mj8n0odCBFVlY8AxkqcHASw3L60jIuF8jFP78az3C2YhmGvqbHBpAjTRH2/xqYunrJ9g1jSyjCjpoWzIAA==","https://registry.npmjs.org/which-boxed-primitive/-/which-boxed-primitive-1.1.1.tgz"
"which-builtin-type","1.2.1","tarballs/which-builtin-type-1.2.1.tgz","sha512-6iBczoX+kDQ7a3+YJBnh3T+KZRxM/iYNPXicqk66/Qfm1b93iu+yOImkg0zHbj5LNOcNv1TEADiZ0xa34B4q6Q==","https://registry.npmjs.org/which-builtin-type/-/which-builtin-type-1.2.1.tgz"
"which-collection","1.0.2","tarballs/which-collection-1.0.2.tgz","sha512-K4jVyjnBdgvc86Y6BkaLZEN933SwYOuBFkdmBu9ZfkcAbdVbpITnDmjvZ/aQjRXQrv5EPkTnD1s39GiiqbngCw==","https://registry.npmjs.org/which-collection/-/which-collection-1.0.2.tgz"
"which-typed-array","1.1.21","tarballs/which-typed-array-1.1.21.tgz","sha512-zbRA8cVm6io/d5W8uIe2hblzN76/Wm3v/yiythQvr+dpBWeqhPSWIDNj4zOyHi4zKbMK6DN34Xsr9jPHJERAEw==","https://registry.npmjs.org/which-typed-array/-/which-typed-array-1.1.21.tgz"
"which","2.0.2","tarballs/which-2.0.2.tgz","sha512-BLI3Tl1TW3Pvl70l3yq3Y64i+awpwXqsGBYWkkqMtnbXgrMD+yj7rhW0kuEDxzJaYXGjEW5ogapKNMEKNMjibA==","https://registry.npmjs.org/which/-/which-2.0.2.tgz"
"word-wrap","1.2.5","tarballs/word-wrap-1.2.5.tgz","sha512-BN22B5eaMMI9UMtjrGd5g5eCYPpCPDUy0FJXbYsaT5zYxjFOckS53SQDE3pWkVoWpHXVb3BrYcEN4Twa55B5cA==","https://registry.npmjs.org/word-wrap/-/word-wrap-1.2.5.tgz"
"workerd","1.20260515.1","tarballs/workerd-1.20260515.1.tgz","sha512-MjKOJLcvU45xXedQowvuiHtJTxu4WTHYQeIlF7YmjuqhiI6dImTFxWCEoRQHiskztxuVSNEmdO7/0UfDu6OMnQ==","https://registry.npmjs.org/workerd/-/workerd-1.20260515.1.tgz"
"wrangler","4.92.0","tarballs/wrangler-4.92.0.tgz","sha512-/DKpQHPxkuZbQsO9dFW2700VTD/4DSZMHjy92fO/frNoDRi/zQsFCAd2ONCV6TGqcUoXcP3D8Bo2gj/L4M0qQQ==","https://registry.npmjs.org/wrangler/-/wrangler-4.92.0.tgz"
"ws","8.18.0","tarballs/ws-8.18.0.tgz","sha512-8VbfWfHLbbwu3+N6OKsOMpBdT4kXPDDB9cJk2bJ6mh9ucxdlnNvH1e+roYkKmN9Nxw2yjz7VzeO9oOz2zJ04Pw==","https://registry.npmjs.org/ws/-/ws-8.18.0.tgz"
"yallist","3.1.1","tarballs/yallist-3.1.1.tgz","sha512-a4UGQaWPH59mOXUYnAG2ewncQS4i4F43Tv3JoAM+s2VDAmS9NsK8GpDMLrCHPksFT7h3K6TOoUNn2pb7RoXx4g==","https://registry.npmjs.org/yallist/-/yallist-3.1.1.tgz"
"yocto-queue","0.1.0","tarballs/yocto-queue-0.1.0.tgz","sha512-rVksvsnNCdJ/ohGc6xgPwyN8eheCxsiLM8mxuE/t/mOVqJewPuO1miLpTHQiRgTKCLexL4MeAFVagts7HmNZ2Q==","https://registry.npmjs.org/yocto-queue/-/yocto-queue-0.1.0.tgz"
"yoga-layout","3.2.1","tarballs/yoga-layout-3.2.1.tgz","sha512-0LPOt3AxKqMdFBZA3HBAt/t/8vIKq7VaQYbuA8WxCgung+p9TVyKRYdpvCb80HcdTN2NkbIKbhNwKUfm3tQywQ==","https://registry.npmjs.org/yoga-layout/-/yoga-layout-3.2.1.tgz"
"youch-core","0.3.3","tarballs/youch-core-0.3.3.tgz","sha512-ho7XuGjLaJ2hWHoK8yFnsUGy2Y5uDpqSTq1FkHLK4/oqKtyUU1AFbOOxY4IpC9f0fTLjwYbslUz0Po5BpD1wrA==","https://registry.npmjs.org/youch-core/-/youch-core-0.3.3.tgz"
"youch","4.1.0-beta.10","tarballs/youch-4.1.0-beta.10.tgz","sha512-rLfVLB4FgQneDr0dv1oddCVZmKjcJ6yX6mS4pU82Mq/Dt9a3cLZQ62pDBL4AUO+uVrCvtWz3ZFUL2HFAFJ/BXQ==","https://registry.npmjs.org/youch/-/youch-4.1.0-beta.10.tgz"
"zod-validation-error","4.0.2","tarballs/zod-validation-error-4.0.2.tgz","sha512-Q6/nZLe6jxuU80qb/4uJ4t5v2VEZ44lzQjPDhYJNztRQ4wyWc6VF3D3Kb/fAuPetZQnhS3hnajCf9CsWesghLQ==","https://registry.npmjs.org/zod-validation-error/-/zod-validation-error-4.0.2.tgz"
"zod","4.4.3","tarballs/zod-4.4.3.tgz","sha512-ytENFjIJFl2UwYglde2jchW2Hwm4GJFLDiSXWdTrJQBIN9Fcyp7n4DhxJEiWNAJMV1/BqWfW/kkg71UDcHJyTQ==","https://registry.npmjs.org/zod/-/zod-4.4.3.tgz"
